ISO-10303-21;

HEADER;
FILE_DESCRIPTION((' '),'2;1');
FILE_NAME( 'Marquardt - Rocker Switch 1835.3112.stp',
           '2022-09-05T11:17:43',
           (' '),
           ('--- Datakit www.datakit.com---'),
           ' Datakit CrossCadWare V2022.3  Jun 15 2022',
           'DATAKIT 2022 (c)',
           ' ');
FILE_SCHEMA(('AP242_MANAGED_MODEL_BASED_3D_ENGINEERING_MIM_LF { 1 0 10303 442 1 1 4 }'));
ENDSEC;

DATA;
#1=APPLICATION_CONTEXT('Managed model based 3d engineering');
#2=APPLICATION_PROTOCOL_DEFINITION('international standard','ap242_managed_model_based_3d_engineering',2013,#1);
#3=(LENGTH_UNIT()NAMED_UNIT(*)SI_UNIT(.MILLI.,.METRE.));
#4=(NAMED_UNIT(*)PLANE_ANGLE_UNIT()SI_UNIT($,.RADIAN.));
#5=( GEOMETRIC_REPRESENTATION_CONTEXT(3)
       GLOBAL_UNCERTAINTY_ASSIGNED_CONTEXT((#6)) GLOBAL_UNIT_ASSIGNED_CONTEXT
  ((#3,#4)) REPRESENTATION_CONTEXT('Context #1',
  '3D Context with UNIT and UNCERTAINTY') );
#6=UNCERTAINTY_MEASURE_WITH_UNIT(LENGTH_MEASURE(0.005),#3,'distance_accuracy_value','Confusion accuracy');
#7=PRODUCT_CONTEXT('',#1,'mechanical');
#8=PRODUCT('Marquardt - Rocker Switch 1835.3112','','Switch with Lamp\X2\000D\X0\\N\10A 250V; Front-mounted',(#7));
#9=PRODUCT_DEFINITION_FORMATION('','',#8);
#10=PRODUCT_DEFINITION_CONTEXT('part definition',#1,'design');
#11=PRODUCT_DEFINITION('design','',#9,#10);
#12=PRODUCT_DEFINITION_SHAPE('','',#11);
#13=PRODUCT_CATEGORY('part',$);
#14=PRODUCT_RELATED_PRODUCT_CATEGORY('part',$,(#8));
#15=PRODUCT_CATEGORY_RELATIONSHIP('','',#13,#14);
#16=CARTESIAN_POINT('',(-6.15,-14.6,0.0));
#17=VERTEX_POINT('',#16);
#18=CARTESIAN_POINT('',(-6.15,-16.15,-4.0));
#19=VERTEX_POINT('',#18);
#20=CARTESIAN_POINT('',(-6.15,-14.6,-0.0));
#21=DIRECTION('',(0.0,-0.3613210678,-0.9324414652));
#22=VECTOR('',#21,1.0);
#23=LINE('',#20,#22);
#24=EDGE_CURVE('n° 3891',#17,#19,#23,.T.);
#25=ORIENTED_EDGE('',*,*,#24,.F.);
#26=CARTESIAN_POINT('',(-9.95,-14.6,0.0));
#27=VERTEX_POINT('',#26);
#28=CARTESIAN_POINT('',(9.95,-14.6,0.0));
#29=DIRECTION('',(-1.0,0.0,0.0));
#30=VECTOR('',#29,1.0);
#31=LINE('',#28,#30);
#32=EDGE_CURVE('n° 3832',#17,#27,#31,.T.);
#33=ORIENTED_EDGE('',*,*,#32,.T.);
#34=CARTESIAN_POINT('',(-9.95,-16.15,-4.0));
#35=VERTEX_POINT('',#34);
#36=CARTESIAN_POINT('',(-9.95,-14.6,0.0));
#37=DIRECTION('',(0.0,-0.3613210678,-0.9324414652));
#38=VECTOR('',#37,1.0);
#39=LINE('',#36,#38);
#40=EDGE_CURVE('n° 3034',#27,#35,#39,.T.);
#41=ORIENTED_EDGE('',*,*,#40,.T.);
#42=CARTESIAN_POINT('',(9.95,-16.15,-4.0));
#43=DIRECTION('',(-1.0,0.0,-0.0));
#44=VECTOR('',#43,1.0);
#45=LINE('',#42,#44);
#46=EDGE_CURVE('n° 3812',#19,#35,#45,.T.);
#47=ORIENTED_EDGE('',*,*,#46,.F.);
#48=EDGE_LOOP('',(#25,#33,#41,#47));
#49=FACE_OUTER_BOUND('',#48,.T.);
#50=CARTESIAN_POINT('',(9.95,-14.6,0.0));
#51=DIRECTION('',(0.0,0.9324414652,-0.3613210678));
#52=DIRECTION('',(0.0,0.3613210678,0.9324414652));
#53=AXIS2_PLACEMENT_3D('',#50,#51,#52);
#54=PLANE('',#53);
#55=ADVANCED_FACE('n° 3840',(#49),#54,.F.);
#56=CARTESIAN_POINT('',(6.15,-16.15,-4.0));
#57=VERTEX_POINT('',#56);
#58=CARTESIAN_POINT('',(6.15,-14.6,0.0));
#59=VERTEX_POINT('',#58);
#60=CARTESIAN_POINT('',(6.15,-14.6,-0.0));
#61=DIRECTION('',(-0.0,0.3613210678,0.9324414652));
#62=VECTOR('',#61,1.0);
#63=LINE('',#60,#62);
#64=EDGE_CURVE('n° 3897',#57,#59,#63,.T.);
#65=ORIENTED_EDGE('',*,*,#64,.F.);
#66=CARTESIAN_POINT('',(9.95,-16.15,-4.0));
#67=VERTEX_POINT('',#66);
#68=CARTESIAN_POINT('',(9.95,-16.15,-4.0));
#69=DIRECTION('',(-1.0,0.0,0.0));
#70=VECTOR('',#69,1.0);
#71=LINE('',#68,#70);
#72=EDGE_CURVE('n° 3037',#67,#57,#71,.T.);
#73=ORIENTED_EDGE('',*,*,#72,.F.);
#74=CARTESIAN_POINT('',(9.95,-14.6,0.0));
#75=VERTEX_POINT('',#74);
#76=CARTESIAN_POINT('',(9.95,-14.6,0.0));
#77=DIRECTION('',(0.0,-0.3613210678,-0.9324414652));
#78=VECTOR('',#77,1.0);
#79=LINE('',#76,#78);
#80=EDGE_CURVE('n° 3058',#75,#67,#79,.T.);
#81=ORIENTED_EDGE('',*,*,#80,.F.);
#82=CARTESIAN_POINT('',(9.95,-14.6,0.0));
#83=DIRECTION('',(-1.0,-0.0,0.0));
#84=VECTOR('',#83,1.0);
#85=LINE('',#82,#84);
#86=EDGE_CURVE('n° 3033',#75,#59,#85,.T.);
#87=ORIENTED_EDGE('',*,*,#86,.T.);
#88=EDGE_LOOP('',(#65,#73,#81,#87));
#89=FACE_OUTER_BOUND('',#88,.T.);
#90=CARTESIAN_POINT('',(9.95,-14.6,0.0));
#91=DIRECTION('',(0.0,0.9324414652,-0.3613210678));
#92=DIRECTION('',(0.0,0.3613210678,0.9324414652));
#93=AXIS2_PLACEMENT_3D('',#90,#91,#92);
#94=PLANE('',#93);
#95=ADVANCED_FACE('n° 3836',(#89),#94,.F.);
#96=CARTESIAN_POINT('',(-6.15,-13.6,-12.6));
#97=VERTEX_POINT('',#96);
#98=CARTESIAN_POINT('',(-6.15,-16.15,-4.0));
#99=DIRECTION('',(0.0,0.28427811,-0.9587418611));
#100=VECTOR('',#99,1.0);
#101=LINE('',#98,#100);
#102=EDGE_CURVE('n° 3893',#19,#97,#101,.T.);
#103=ORIENTED_EDGE('',*,*,#102,.F.);
#104=ORIENTED_EDGE('',*,*,#46,.T.);
#105=CARTESIAN_POINT('',(-9.95,-13.6,-12.6));
#106=VERTEX_POINT('',#105);
#107=CARTESIAN_POINT('',(-9.95,-16.15,-4.0));
#108=DIRECTION('',(0.0,0.28427811,-0.9587418611));
#109=VECTOR('',#108,1.0);
#110=LINE('',#107,#109);
#111=EDGE_CURVE('n° 3038',#35,#106,#110,.T.);
#112=ORIENTED_EDGE('',*,*,#111,.T.);
#113=CARTESIAN_POINT('',(9.95,-13.6,-12.6));
#114=DIRECTION('',(-1.0,0.0,0.0));
#115=VECTOR('',#114,1.0);
#116=LINE('',#113,#115);
#117=EDGE_CURVE('n° 3818',#97,#106,#116,.T.);
#118=ORIENTED_EDGE('',*,*,#117,.F.);
#119=EDGE_LOOP('',(#103,#104,#112,#118));
#120=FACE_OUTER_BOUND('',#119,.T.);
#121=CARTESIAN_POINT('',(9.95,-16.15,-4.0));
#122=DIRECTION('',(-0.0,0.9587418611,0.28427811));
#123=DIRECTION('',(0.0,-0.28427811,0.9587418611));
#124=AXIS2_PLACEMENT_3D('',#121,#122,#123);
#125=PLANE('',#124);
#126=ADVANCED_FACE('n° 3826',(#120),#125,.F.);
#127=CARTESIAN_POINT('',(6.15,-13.6,-12.6));
#128=VERTEX_POINT('',#127);
#129=CARTESIAN_POINT('',(6.15,-16.15,-4.0));
#130=DIRECTION('',(-0.0,-0.28427811,0.9587418611));
#131=VECTOR('',#130,1.0);
#132=LINE('',#129,#131);
#133=EDGE_CURVE('n° 3899',#128,#57,#132,.T.);
#134=ORIENTED_EDGE('',*,*,#133,.F.);
#135=CARTESIAN_POINT('',(9.95,-13.6,-12.6));
#136=VERTEX_POINT('',#135);
#137=CARTESIAN_POINT('',(9.95,-13.6,-12.6));
#138=DIRECTION('',(-1.0,0.0,0.0));
#139=VECTOR('',#138,1.0);
#140=LINE('',#137,#139);
#141=EDGE_CURVE('n° 3041',#136,#128,#140,.T.);
#142=ORIENTED_EDGE('',*,*,#141,.F.);
#143=CARTESIAN_POINT('',(9.95,-16.15,-4.0));
#144=DIRECTION('',(0.0,0.28427811,-0.9587418611));
#145=VECTOR('',#144,1.0);
#146=LINE('',#143,#145);
#147=EDGE_CURVE('n° 3061',#67,#136,#146,.T.);
#148=ORIENTED_EDGE('',*,*,#147,.F.);
#149=ORIENTED_EDGE('',*,*,#72,.T.);
#150=EDGE_LOOP('',(#134,#142,#148,#149));
#151=FACE_OUTER_BOUND('',#150,.T.);
#152=CARTESIAN_POINT('',(9.95,-16.15,-4.0));
#153=DIRECTION('',(-0.0,0.9587418611,0.28427811));
#154=DIRECTION('',(0.0,-0.28427811,0.9587418611));
#155=AXIS2_PLACEMENT_3D('',#152,#153,#154);
#156=PLANE('',#155);
#157=ADVANCED_FACE('n° 3822',(#151),#156,.F.);
#158=CARTESIAN_POINT('',(-6.15,-13.6,-10.1376225765));
#159=VERTEX_POINT('',#158);
#160=CARTESIAN_POINT('',(-6.15,-15.4109492609,-4.0301074222));
#161=VERTEX_POINT('',#160);
#162=CARTESIAN_POINT('',(-6.15,-15.4109492609,-4.0301074222));
#163=DIRECTION('',(0.0,-0.28427811,0.9587418611));
#164=VECTOR('',#163,1.0);
#165=LINE('',#162,#164);
#166=EDGE_CURVE('n° 3908',#159,#161,#165,.T.);
#167=ORIENTED_EDGE('',*,*,#166,.F.);
#168=CARTESIAN_POINT('',(-9.95,-13.6,-10.1376225765));
#169=VERTEX_POINT('',#168);
#170=CARTESIAN_POINT('',(9.95,-13.6,-10.1376225765));
#171=DIRECTION('',(-1.0,0.0,0.0));
#172=VECTOR('',#171,1.0);
#173=LINE('',#170,#172);
#174=EDGE_CURVE('n° 3798',#159,#169,#173,.T.);
#175=ORIENTED_EDGE('',*,*,#174,.T.);
#176=CARTESIAN_POINT('',(-9.95,-15.4109492609,-4.0301074222));
#177=VERTEX_POINT('',#176);
#178=CARTESIAN_POINT('',(-9.95,-15.4109492609,-4.0301074222));
#179=DIRECTION('',(0.0,-0.28427811,0.9587418611));
#180=VECTOR('',#179,1.0);
#181=LINE('',#178,#180);
#182=EDGE_CURVE('n° 3046',#169,#177,#181,.T.);
#183=ORIENTED_EDGE('',*,*,#182,.T.);
#184=CARTESIAN_POINT('',(9.95,-15.4109492609,-4.0301074222));
#185=DIRECTION('',(-1.0,-0.0,0.0));
#186=VECTOR('',#185,1.0);
#187=LINE('',#184,#186);
#188=EDGE_CURVE('n° 3774',#161,#177,#187,.T.);
#189=ORIENTED_EDGE('',*,*,#188,.F.);
#190=EDGE_LOOP('',(#167,#175,#183,#189));
#191=FACE_OUTER_BOUND('',#190,.T.);
#192=CARTESIAN_POINT('',(9.95,-15.4109492609,-4.0301074222));
#193=DIRECTION('',(0.0,-0.9587418611,-0.28427811));
#194=DIRECTION('',(0.0,0.28427811,-0.9587418611));
#195=AXIS2_PLACEMENT_3D('',#192,#193,#194);
#196=PLANE('',#195);
#197=ADVANCED_FACE('n° 3806',(#191),#196,.F.);
#198=CARTESIAN_POINT('',(6.15,-15.4109492609,-4.0301074222));
#199=VERTEX_POINT('',#198);
#200=CARTESIAN_POINT('',(6.15,-13.6,-10.1376225765));
#201=VERTEX_POINT('',#200);
#202=CARTESIAN_POINT('',(6.15,-15.4109492609,-4.0301074222));
#203=DIRECTION('',(0.0,0.28427811,-0.9587418611));
#204=VECTOR('',#203,1.0);
#205=LINE('',#202,#204);
#206=EDGE_CURVE('n° 3916',#199,#201,#205,.T.);
#207=ORIENTED_EDGE('',*,*,#206,.F.);
#208=CARTESIAN_POINT('',(9.95,-15.4109492609,-4.0301074222));
#209=VERTEX_POINT('',#208);
#210=CARTESIAN_POINT('',(9.95,-15.4109492609,-4.0301074222));
#211=DIRECTION('',(-1.0,0.0,0.0));
#212=VECTOR('',#211,1.0);
#213=LINE('',#210,#212);
#214=EDGE_CURVE('n° 3049',#209,#199,#213,.T.);
#215=ORIENTED_EDGE('',*,*,#214,.F.);
#216=CARTESIAN_POINT('',(9.95,-13.6,-10.1376225765));
#217=VERTEX_POINT('',#216);
#218=CARTESIAN_POINT('',(9.95,-15.4109492609,-4.0301074222));
#219=DIRECTION('',(0.0,-0.28427811,0.9587418611));
#220=VECTOR('',#219,1.0);
#221=LINE('',#218,#220);
#222=EDGE_CURVE('n° 3067',#217,#209,#221,.T.);
#223=ORIENTED_EDGE('',*,*,#222,.F.);
#224=CARTESIAN_POINT('',(9.95,-13.6,-10.1376225765));
#225=DIRECTION('',(-1.0,-0.0,0.0));
#226=VECTOR('',#225,1.0);
#227=LINE('',#224,#226);
#228=EDGE_CURVE('n° 3045',#217,#201,#227,.T.);
#229=ORIENTED_EDGE('',*,*,#228,.T.);
#230=EDGE_LOOP('',(#207,#215,#223,#229));
#231=FACE_OUTER_BOUND('',#230,.T.);
#232=CARTESIAN_POINT('',(9.95,-15.4109492609,-4.0301074222));
#233=DIRECTION('',(0.0,-0.9587418611,-0.28427811));
#234=DIRECTION('',(0.0,0.28427811,-0.9587418611));
#235=AXIS2_PLACEMENT_3D('',#232,#233,#234);
#236=PLANE('',#235);
#237=ADVANCED_FACE('n° 3802',(#231),#236,.F.);
#238=CARTESIAN_POINT('',(-6.15,-13.8492826347,0.0));
#239=VERTEX_POINT('',#238);
#240=CARTESIAN_POINT('',(-6.15,-13.9472909744,-0.2529247474));
#241=DIRECTION('',(0.0,0.3613210678,0.9324414652));
#242=VECTOR('',#241,1.0);
#243=LINE('',#240,#242);
#244=EDGE_CURVE('n° 3788',#161,#239,#243,.T.);
#245=ORIENTED_EDGE('',*,*,#244,.F.);
#246=ORIENTED_EDGE('',*,*,#188,.T.);
#247=CARTESIAN_POINT('',(-9.95,-13.8492826347,0.0));
#248=VERTEX_POINT('',#247);
#249=CARTESIAN_POINT('',(-9.95,-13.9472909744,-0.2529247474));
#250=DIRECTION('',(0.0,0.3613210678,0.9324414652));
#251=VECTOR('',#250,1.0);
#252=LINE('',#249,#251);
#253=EDGE_CURVE('n° 3050',#177,#248,#252,.T.);
#254=ORIENTED_EDGE('',*,*,#253,.T.);
#255=CARTESIAN_POINT('',(9.95,-13.8492826347,0.0));
#256=DIRECTION('',(-1.0,0.0,0.0));
#257=VECTOR('',#256,1.0);
#258=LINE('',#255,#257);
#259=EDGE_CURVE('n° 3780',#239,#248,#258,.T.);
#260=ORIENTED_EDGE('',*,*,#259,.F.);
#261=EDGE_LOOP('',(#245,#246,#254,#260));
#262=FACE_OUTER_BOUND('',#261,.T.);
#263=CARTESIAN_POINT('',(9.95,-13.9472909744,-0.2529247474));
#264=DIRECTION('',(0.0,-0.9324414652,0.3613210678));
#265=DIRECTION('',(0.0,-0.3613210678,-0.9324414652));
#266=AXIS2_PLACEMENT_3D('',#263,#264,#265);
#267=PLANE('',#266);
#268=ADVANCED_FACE('n° 3791',(#262),#267,.F.);
#269=CARTESIAN_POINT('',(6.15,-13.8492826347,0.0));
#270=VERTEX_POINT('',#269);
#271=CARTESIAN_POINT('',(6.15,-13.9472909744,-0.2529247474));
#272=DIRECTION('',(0.0,-0.3613210678,-0.9324414652));
#273=VECTOR('',#272,1.0);
#274=LINE('',#271,#273);
#275=EDGE_CURVE('n° 3782',#270,#199,#274,.T.);
#276=ORIENTED_EDGE('',*,*,#275,.F.);
#277=CARTESIAN_POINT('',(9.95,-13.8492826347,0.0));
#278=VERTEX_POINT('',#277);
#279=CARTESIAN_POINT('',(9.95,-13.8492826347,0.0));
#280=DIRECTION('',(-1.0,0.0,0.0));
#281=VECTOR('',#280,1.0);
#282=LINE('',#279,#281);
#283=EDGE_CURVE('n° 3029',#278,#270,#282,.T.);
#284=ORIENTED_EDGE('',*,*,#283,.F.);
#285=CARTESIAN_POINT('',(9.95,-13.9472909744,-0.2529247474));
#286=DIRECTION('',(0.0,0.3613210678,0.9324414652));
#287=VECTOR('',#286,1.0);
#288=LINE('',#285,#287);
#289=EDGE_CURVE('n° 3070',#209,#278,#288,.T.);
#290=ORIENTED_EDGE('',*,*,#289,.F.);
#291=ORIENTED_EDGE('',*,*,#214,.T.);
#292=EDGE_LOOP('',(#276,#284,#290,#291));
#293=FACE_OUTER_BOUND('',#292,.T.);
#294=CARTESIAN_POINT('',(9.95,-13.9472909744,-0.2529247474));
#295=DIRECTION('',(0.0,-0.9324414652,0.3613210678));
#296=DIRECTION('',(0.0,-0.3613210678,-0.9324414652));
#297=AXIS2_PLACEMENT_3D('',#294,#295,#296);
#298=PLANE('',#297);
#299=ADVANCED_FACE('n° 3785',(#293),#298,.F.);
#300=CARTESIAN_POINT('',(6.15,15.3492766083,-3.8709521899));
#301=VERTEX_POINT('',#300);
#302=CARTESIAN_POINT('',(6.15,13.8492826347,0.0));
#303=VERTEX_POINT('',#302);
#304=CARTESIAN_POINT('',(6.15,13.9472909744,-0.2529247474));
#305=DIRECTION('',(0.0,-0.3613210678,0.9324414652));
#306=VECTOR('',#305,1.0);
#307=LINE('',#304,#306);
#308=EDGE_CURVE('n° 4340',#301,#303,#307,.T.);
#309=ORIENTED_EDGE('',*,*,#308,.F.);
#310=CARTESIAN_POINT('',(9.95,15.3492766083,-3.8709521899));
#311=VERTEX_POINT('',#310);
#312=CARTESIAN_POINT('',(9.95,15.3492766083,-3.8709521899));
#313=DIRECTION('',(1.0,-0.0,0.0));
#314=VECTOR('',#313,1.0);
#315=LINE('',#312,#314);
#316=EDGE_CURVE('n° 4345',#301,#311,#315,.T.);
#317=ORIENTED_EDGE('',*,*,#316,.T.);
#318=CARTESIAN_POINT('',(9.95,13.8492826347,-0.0));
#319=VERTEX_POINT('',#318);
#320=CARTESIAN_POINT('',(9.95,13.9472909744,-0.2529247474));
#321=DIRECTION('',(0.0,0.3613210678,-0.9324414652));
#322=VECTOR('',#321,1.0);
#323=LINE('',#320,#322);
#324=EDGE_CURVE('n° 2884',#319,#311,#323,.T.);
#325=ORIENTED_EDGE('',*,*,#324,.F.);
#326=CARTESIAN_POINT('',(9.95,13.8492826347,-0.0));
#327=DIRECTION('',(-1.0,0.0,0.0));
#328=VECTOR('',#327,1.0);
#329=LINE('',#326,#328);
#330=EDGE_CURVE('n° 2859',#319,#303,#329,.T.);
#331=ORIENTED_EDGE('',*,*,#330,.T.);
#332=EDGE_LOOP('',(#309,#317,#325,#331));
#333=FACE_OUTER_BOUND('',#332,.T.);
#334=CARTESIAN_POINT('',(9.95,13.9472909744,-0.2529247474));
#335=DIRECTION('',(-0.0,0.9324414652,0.3613210678));
#336=DIRECTION('',(0.0,-0.3613210678,0.9324414652));
#337=AXIS2_PLACEMENT_3D('',#334,#335,#336);
#338=PLANE('',#337);
#339=ADVANCED_FACE('n° 3485',(#333),#338,.F.);
#340=CARTESIAN_POINT('',(-9.95,13.8492826347,0.0));
#341=VERTEX_POINT('',#340);
#342=CARTESIAN_POINT('',(-9.95,15.3492766083,-3.8709521899));
#343=VERTEX_POINT('',#342);
#344=CARTESIAN_POINT('',(-9.95,13.9472909744,-0.2529247474));
#345=DIRECTION('',(0.0,0.3613210678,-0.9324414652));
#346=VECTOR('',#345,1.0);
#347=LINE('',#344,#346);
#348=EDGE_CURVE('n° 2860',#341,#343,#347,.T.);
#349=ORIENTED_EDGE('',*,*,#348,.T.);
#350=CARTESIAN_POINT('',(-6.15,15.3492766083,-3.8709521899));
#351=VERTEX_POINT('',#350);
#352=CARTESIAN_POINT('',(-6.15,15.3492766083,-3.8709521899));
#353=DIRECTION('',(1.0,0.0,-0.0));
#354=VECTOR('',#353,1.0);
#355=LINE('',#352,#354);
#356=EDGE_CURVE('n° 4368',#343,#351,#355,.T.);
#357=ORIENTED_EDGE('',*,*,#356,.T.);
#358=CARTESIAN_POINT('',(-6.15,13.8492826347,0.0));
#359=VERTEX_POINT('',#358);
#360=CARTESIAN_POINT('',(-6.15,13.9472909744,-0.2529247474));
#361=DIRECTION('',(0.0,0.3613210678,-0.9324414652));
#362=VECTOR('',#361,1.0);
#363=LINE('',#360,#362);
#364=EDGE_CURVE('n° 3534',#359,#351,#363,.T.);
#365=ORIENTED_EDGE('',*,*,#364,.F.);
#366=CARTESIAN_POINT('',(9.95,13.8492826347,-0.0));
#367=DIRECTION('',(-1.0,0.0,0.0));
#368=VECTOR('',#367,1.0);
#369=LINE('',#366,#368);
#370=EDGE_CURVE('n° 3476',#359,#341,#369,.T.);
#371=ORIENTED_EDGE('',*,*,#370,.T.);
#372=EDGE_LOOP('',(#349,#357,#365,#371));
#373=FACE_OUTER_BOUND('',#372,.T.);
#374=CARTESIAN_POINT('',(9.95,13.9472909744,-0.2529247474));
#375=DIRECTION('',(-0.0,0.9324414652,0.3613210678));
#376=DIRECTION('',(0.0,-0.3613210678,0.9324414652));
#377=AXIS2_PLACEMENT_3D('',#374,#375,#376);
#378=PLANE('',#377);
#379=ADVANCED_FACE('n° 3480',(#373),#378,.F.);
#380=CARTESIAN_POINT('',(9.95,15.3624268063,-4.1937517788));
#381=VERTEX_POINT('',#380);
#382=CARTESIAN_POINT('',(9.95,13.6,-10.1376225765));
#383=VERTEX_POINT('',#382);
#384=CARTESIAN_POINT('',(9.95,15.4109492609,-4.0301074222));
#385=DIRECTION('',(-0.0,-0.28427811,-0.9587418611));
#386=VECTOR('',#385,1.0);
#387=LINE('',#384,#386);
#388=EDGE_CURVE('n° 4332',#381,#383,#387,.T.);
#389=ORIENTED_EDGE('',*,*,#388,.F.);
#390=CARTESIAN_POINT('',(6.15,15.3624268063,-4.1937517788));
#391=VERTEX_POINT('',#390);
#392=CARTESIAN_POINT('',(6.15,15.3624268063,-4.1937517788));
#393=DIRECTION('',(-1.0,0.0,0.0));
#394=VECTOR('',#393,1.0);
#395=LINE('',#392,#394);
#396=EDGE_CURVE('n° 4334',#381,#391,#395,.T.);
#397=ORIENTED_EDGE('',*,*,#396,.T.);
#398=CARTESIAN_POINT('',(6.15,13.6,-10.1376225765));
#399=VERTEX_POINT('',#398);
#400=CARTESIAN_POINT('',(6.15,15.4109492609,-4.0301074222));
#401=DIRECTION('',(0.0,0.28427811,0.9587418611));
#402=VECTOR('',#401,1.0);
#403=LINE('',#400,#402);
#404=EDGE_CURVE('n° 3524',#399,#391,#403,.T.);
#405=ORIENTED_EDGE('',*,*,#404,.F.);
#406=CARTESIAN_POINT('',(9.95,13.6,-10.1376225765));
#407=DIRECTION('',(-1.0,0.0,-0.0));
#408=VECTOR('',#407,1.0);
#409=LINE('',#406,#408);
#410=EDGE_CURVE('n° 2869',#383,#399,#409,.T.);
#411=ORIENTED_EDGE('',*,*,#410,.F.);
#412=EDGE_LOOP('',(#389,#397,#405,#411));
#413=FACE_OUTER_BOUND('',#412,.T.);
#414=CARTESIAN_POINT('',(9.95,15.4109492609,-4.0301074222));
#415=DIRECTION('',(0.0,0.9587418611,-0.28427811));
#416=DIRECTION('',(0.0,0.28427811,0.9587418611));
#417=AXIS2_PLACEMENT_3D('',#414,#415,#416);
#418=PLANE('',#417);
#419=ADVANCED_FACE('n° 3470',(#413),#418,.F.);
#420=CARTESIAN_POINT('',(-6.15,15.3624268063,-4.1937517788));
#421=VERTEX_POINT('',#420);
#422=CARTESIAN_POINT('',(-6.15,13.6,-10.1376225765));
#423=VERTEX_POINT('',#422);
#424=CARTESIAN_POINT('',(-6.15,15.4109492609,-4.0301074222));
#425=DIRECTION('',(0.0,-0.28427811,-0.9587418611));
#426=VECTOR('',#425,1.0);
#427=LINE('',#424,#426);
#428=EDGE_CURVE('n° 4352',#421,#423,#427,.T.);
#429=ORIENTED_EDGE('',*,*,#428,.F.);
#430=CARTESIAN_POINT('',(-9.95,15.3624268063,-4.1937517788));
#431=VERTEX_POINT('',#430);
#432=CARTESIAN_POINT('',(-9.95,15.3624268063,-4.1937517788));
#433=DIRECTION('',(-1.0,0.0,0.0));
#434=VECTOR('',#433,1.0);
#435=LINE('',#432,#434);
#436=EDGE_CURVE('n° 4357',#421,#431,#435,.T.);
#437=ORIENTED_EDGE('',*,*,#436,.T.);
#438=CARTESIAN_POINT('',(-9.95,13.6,-10.1376225765));
#439=VERTEX_POINT('',#438);
#440=CARTESIAN_POINT('',(-9.95,15.4109492609,-4.0301074222));
#441=DIRECTION('',(0.0,-0.28427811,-0.9587418611));
#442=VECTOR('',#441,1.0);
#443=LINE('',#440,#442);
#444=EDGE_CURVE('n° 4355',#431,#439,#443,.T.);
#445=ORIENTED_EDGE('',*,*,#444,.T.);
#446=CARTESIAN_POINT('',(9.95,13.6,-10.1376225765));
#447=DIRECTION('',(-1.0,0.0,0.0));
#448=VECTOR('',#447,1.0);
#449=LINE('',#446,#448);
#450=EDGE_CURVE('n° 3462',#423,#439,#449,.T.);
#451=ORIENTED_EDGE('',*,*,#450,.F.);
#452=EDGE_LOOP('',(#429,#437,#445,#451));
#453=FACE_OUTER_BOUND('',#452,.T.);
#454=CARTESIAN_POINT('',(9.95,15.4109492609,-4.0301074222));
#455=DIRECTION('',(0.0,0.9587418611,-0.28427811));
#456=DIRECTION('',(0.0,0.28427811,0.9587418611));
#457=AXIS2_PLACEMENT_3D('',#454,#455,#456);
#458=PLANE('',#457);
#459=ADVANCED_FACE('n° 3466',(#453),#458,.F.);
#460=CARTESIAN_POINT('',(6.15,16.1014775454,-4.1636443566));
#461=VERTEX_POINT('',#460);
#462=CARTESIAN_POINT('',(6.15,13.6,-12.6));
#463=VERTEX_POINT('',#462);
#464=CARTESIAN_POINT('',(6.15,16.15,-4.0));
#465=DIRECTION('',(-0.0,-0.28427811,-0.9587418611));
#466=VECTOR('',#465,1.0);
#467=LINE('',#464,#466);
#468=EDGE_CURVE('n° 4386',#461,#463,#467,.T.);
#469=ORIENTED_EDGE('',*,*,#468,.F.);
#470=CARTESIAN_POINT('',(9.95,16.1014775454,-4.1636443566));
#471=VERTEX_POINT('',#470);
#472=CARTESIAN_POINT('',(9.95,16.1014775454,-4.1636443566));
#473=DIRECTION('',(1.0,0.0,0.0));
#474=VECTOR('',#473,1.0);
#475=LINE('',#472,#474);
#476=EDGE_CURVE('n° 4396',#461,#471,#475,.T.);
#477=ORIENTED_EDGE('',*,*,#476,.T.);
#478=CARTESIAN_POINT('',(9.95,13.6,-12.6));
#479=VERTEX_POINT('',#478);
#480=CARTESIAN_POINT('',(9.95,16.15,-4.0));
#481=DIRECTION('',(0.0,0.28427811,0.9587418611));
#482=VECTOR('',#481,1.0);
#483=LINE('',#480,#482);
#484=EDGE_CURVE('n° 2895',#479,#471,#483,.T.);
#485=ORIENTED_EDGE('',*,*,#484,.F.);
#486=CARTESIAN_POINT('',(9.95,13.6,-12.6));
#487=DIRECTION('',(-1.0,0.0,0.0));
#488=VECTOR('',#487,1.0);
#489=LINE('',#486,#488);
#490=EDGE_CURVE('n° 2873',#479,#463,#489,.T.);
#491=ORIENTED_EDGE('',*,*,#490,.T.);
#492=EDGE_LOOP('',(#469,#477,#485,#491));
#493=FACE_OUTER_BOUND('',#492,.T.);
#494=CARTESIAN_POINT('',(9.95,16.15,-4.0));
#495=DIRECTION('',(0.0,-0.9587418611,0.28427811));
#496=DIRECTION('',(0.0,-0.28427811,-0.9587418611));
#497=AXIS2_PLACEMENT_3D('',#494,#495,#496);
#498=PLANE('',#497);
#499=ADVANCED_FACE('n° 3450',(#493),#498,.F.);
#500=CARTESIAN_POINT('',(-9.95,13.6,-12.6));
#501=VERTEX_POINT('',#500);
#502=CARTESIAN_POINT('',(-9.95,16.1014775454,-4.1636443566));
#503=VERTEX_POINT('',#502);
#504=CARTESIAN_POINT('',(-9.95,16.15,-4.0));
#505=DIRECTION('',(0.0,0.28427811,0.9587418611));
#506=VECTOR('',#505,1.0);
#507=LINE('',#504,#506);
#508=EDGE_CURVE('n° 2874',#501,#503,#507,.T.);
#509=ORIENTED_EDGE('',*,*,#508,.T.);
#510=CARTESIAN_POINT('',(-6.15,16.1014775454,-4.1636443566));
#511=VERTEX_POINT('',#510);
#512=CARTESIAN_POINT('',(9.95,16.1014775454,-4.1636443566));
#513=DIRECTION('',(1.0,0.0,-0.0));
#514=VECTOR('',#513,1.0);
#515=LINE('',#512,#514);
#516=EDGE_CURVE('n° 4428',#503,#511,#515,.T.);
#517=ORIENTED_EDGE('',*,*,#516,.T.);
#518=CARTESIAN_POINT('',(-6.15,13.6,-12.6));
#519=VERTEX_POINT('',#518);
#520=CARTESIAN_POINT('',(-6.15,16.15,-4.0));
#521=DIRECTION('',(0.0,0.28427811,0.9587418611));
#522=VECTOR('',#521,1.0);
#523=LINE('',#520,#522);
#524=EDGE_CURVE('n° 3540',#519,#511,#523,.T.);
#525=ORIENTED_EDGE('',*,*,#524,.F.);
#526=CARTESIAN_POINT('',(9.95,13.6,-12.6));
#527=DIRECTION('',(-1.0,0.0,0.0));
#528=VECTOR('',#527,1.0);
#529=LINE('',#526,#528);
#530=EDGE_CURVE('n° 3442',#519,#501,#529,.T.);
#531=ORIENTED_EDGE('',*,*,#530,.T.);
#532=EDGE_LOOP('',(#509,#517,#525,#531));
#533=FACE_OUTER_BOUND('',#532,.T.);
#534=CARTESIAN_POINT('',(9.95,16.15,-4.0));
#535=DIRECTION('',(0.0,-0.9587418611,0.28427811));
#536=DIRECTION('',(0.0,-0.28427811,-0.9587418611));
#537=AXIS2_PLACEMENT_3D('',#534,#535,#536);
#538=PLANE('',#537);
#539=ADVANCED_FACE('n° 3446',(#533),#538,.F.);
#540=CARTESIAN_POINT('',(9.95,16.0883273475,-3.8408447677));
#541=VERTEX_POINT('',#540);
#542=CARTESIAN_POINT('',(9.95,14.6,0.0));
#543=VERTEX_POINT('',#542);
#544=CARTESIAN_POINT('',(9.95,14.6,0.0));
#545=DIRECTION('',(0.0,-0.3613210678,0.9324414652));
#546=VECTOR('',#545,1.0);
#547=LINE('',#544,#546);
#548=EDGE_CURVE('n° 4378',#541,#543,#547,.T.);
#549=ORIENTED_EDGE('',*,*,#548,.F.);
#550=CARTESIAN_POINT('',(6.15,16.0883273475,-3.8408447677));
#551=VERTEX_POINT('',#550);
#552=CARTESIAN_POINT('',(9.95,16.0883273475,-3.8408447677));
#553=DIRECTION('',(-1.0,0.0,-0.0));
#554=VECTOR('',#553,1.0);
#555=LINE('',#552,#554);
#556=EDGE_CURVE('n° 4380',#541,#551,#555,.T.);
#557=ORIENTED_EDGE('',*,*,#556,.T.);
#558=CARTESIAN_POINT('',(6.15,14.6,0.0));
#559=VERTEX_POINT('',#558);
#560=CARTESIAN_POINT('',(6.15,14.6,0.0));
#561=DIRECTION('',(-0.0,0.3613210678,-0.9324414652));
#562=VECTOR('',#561,1.0);
#563=LINE('',#560,#562);
#564=EDGE_CURVE('n° 3433',#559,#551,#563,.T.);
#565=ORIENTED_EDGE('',*,*,#564,.F.);
#566=CARTESIAN_POINT('',(9.95,14.6,0.0));
#567=DIRECTION('',(-1.0,0.0,0.0));
#568=VECTOR('',#567,1.0);
#569=LINE('',#566,#568);
#570=EDGE_CURVE('n° 2855',#543,#559,#569,.T.);
#571=ORIENTED_EDGE('',*,*,#570,.F.);
#572=EDGE_LOOP('',(#549,#557,#565,#571));
#573=FACE_OUTER_BOUND('',#572,.T.);
#574=CARTESIAN_POINT('',(9.95,14.6,0.0));
#575=DIRECTION('',(0.0,-0.9324414652,-0.3613210678));
#576=DIRECTION('',(0.0,0.3613210678,-0.9324414652));
#577=AXIS2_PLACEMENT_3D('',#574,#575,#576);
#578=PLANE('',#577);
#579=ADVANCED_FACE('n° 3436',(#573),#578,.F.);
#580=CARTESIAN_POINT('',(-6.15,16.0883273475,-3.8408447677));
#581=VERTEX_POINT('',#580);
#582=CARTESIAN_POINT('',(-6.15,14.6,0.0));
#583=VERTEX_POINT('',#582);
#584=CARTESIAN_POINT('',(-6.15,14.6,-0.0));
#585=DIRECTION('',(0.0,-0.3613210678,0.9324414652));
#586=VECTOR('',#585,1.0);
#587=LINE('',#584,#586);
#588=EDGE_CURVE('n° 4407',#581,#583,#587,.T.);
#589=ORIENTED_EDGE('',*,*,#588,.F.);
#590=CARTESIAN_POINT('',(-9.95,16.0883273475,-3.8408447677));
#591=VERTEX_POINT('',#590);
#592=CARTESIAN_POINT('',(9.95,16.0883273475,-3.8408447677));
#593=DIRECTION('',(-1.0,0.0,0.0));
#594=VECTOR('',#593,1.0);
#595=LINE('',#592,#594);
#596=EDGE_CURVE('n° 4412',#581,#591,#595,.T.);
#597=ORIENTED_EDGE('',*,*,#596,.T.);
#598=CARTESIAN_POINT('',(-9.95,14.6,0.0));
#599=VERTEX_POINT('',#598);
#600=CARTESIAN_POINT('',(-9.95,14.6,0.0));
#601=DIRECTION('',(0.0,-0.3613210678,0.9324414652));
#602=VECTOR('',#601,1.0);
#603=LINE('',#600,#602);
#604=EDGE_CURVE('n° 4410',#591,#599,#603,.T.);
#605=ORIENTED_EDGE('',*,*,#604,.T.);
#606=CARTESIAN_POINT('',(9.95,14.6,0.0));
#607=DIRECTION('',(-1.0,0.0,0.0));
#608=VECTOR('',#607,1.0);
#609=LINE('',#606,#608);
#610=EDGE_CURVE('n° 3426',#583,#599,#609,.T.);
#611=ORIENTED_EDGE('',*,*,#610,.F.);
#612=EDGE_LOOP('',(#589,#597,#605,#611));
#613=FACE_OUTER_BOUND('',#612,.T.);
#614=CARTESIAN_POINT('',(9.95,14.6,0.0));
#615=DIRECTION('',(0.0,-0.9324414652,-0.3613210678));
#616=DIRECTION('',(0.0,0.3613210678,-0.9324414652));
#617=AXIS2_PLACEMENT_3D('',#614,#615,#616);
#618=PLANE('',#617);
#619=ADVANCED_FACE('n° 3431',(#613),#618,.F.);
#620=CARTESIAN_POINT('',(6.35,-10.3921263009,2.0891976599));
#621=VERTEX_POINT('',#620);
#622=CARTESIAN_POINT('',(8.85,-7.8921263009,2.6639724955));
#623=VERTEX_POINT('',#622);
#624=CARTESIAN_POINT('',(6.35,-7.8921263009,2.6639724955));
#625=DIRECTION('',(-0.0,-0.2240643264,0.9745743572));
#626=DIRECTION('',(0.0,0.9745743572,0.2240643264));
#627=AXIS2_PLACEMENT_3D('',#624,#625,#626);
#628=ELLIPSE('',#627,2.5652224293,2.5);
#629=EDGE_CURVE('n° 4171',#621,#623,#628,.T.);
#630=ORIENTED_EDGE('',*,*,#629,.T.);
#631=CARTESIAN_POINT('',(8.85,8.6962587785,6.4778070188));
#632=VERTEX_POINT('',#631);
#633=CARTESIAN_POINT('',(8.85,8.6962587785,6.4778070188));
#634=DIRECTION('',(0.0,0.9745743572,0.2240643264));
#635=VECTOR('',#634,1.0);
#636=LINE('',#633,#635);
#637=EDGE_CURVE('n° 4174',#623,#632,#636,.T.);
#638=ORIENTED_EDGE('',*,*,#637,.T.);
#639=CARTESIAN_POINT('',(6.35,11.1326946714,7.0379678348));
#640=VERTEX_POINT('',#639);
#641=CARTESIAN_POINT('',(6.35,8.6962587785,6.4778070188));
#642=DIRECTION('',(-0.0,-0.2240643264,0.9745743572));
#643=DIRECTION('',(0.0,0.9745743572,0.2240643264));
#644=AXIS2_PLACEMENT_3D('',#641,#642,#643);
#645=CIRCLE('',#644,2.5);
#646=EDGE_CURVE('n° 4147',#632,#640,#645,.T.);
#647=ORIENTED_EDGE('',*,*,#646,.T.);
#648=CARTESIAN_POINT('',(-6.35,11.1326946714,7.0379678348));
#649=VERTEX_POINT('',#648);
#650=CARTESIAN_POINT('',(9.35,11.1326946714,7.0379678348));
#651=DIRECTION('',(-1.0,0.0,0.0));
#652=VECTOR('',#651,1.0);
#653=LINE('',#650,#652);
#654=EDGE_CURVE('n° 4151',#640,#649,#653,.T.);
#655=ORIENTED_EDGE('',*,*,#654,.T.);
#656=CARTESIAN_POINT('',(-8.85,8.6962587785,6.4778070188));
#657=VERTEX_POINT('',#656);
#658=CARTESIAN_POINT('',(-6.35,8.6962587785,6.4778070188));
#659=DIRECTION('',(-0.0,-0.2240643264,0.9745743572));
#660=DIRECTION('',(0.0,0.9745743572,0.2240643264));
#661=AXIS2_PLACEMENT_3D('',#658,#659,#660);
#662=CIRCLE('',#661,2.5);
#663=EDGE_CURVE('n° 4155',#649,#657,#662,.T.);
#664=ORIENTED_EDGE('',*,*,#663,.T.);
#665=CARTESIAN_POINT('',(-8.85,-7.8921263009,2.6639724955));
#666=VERTEX_POINT('',#665);
#667=CARTESIAN_POINT('',(-8.85,11.61998185,7.149999998));
#668=DIRECTION('',(0.0,-0.9745743572,-0.2240643264));
#669=VECTOR('',#668,1.0);
#670=LINE('',#667,#669);
#671=EDGE_CURVE('n° 4159',#657,#666,#670,.T.);
#672=ORIENTED_EDGE('',*,*,#671,.T.);
#673=CARTESIAN_POINT('',(-6.35,-10.3921263009,2.0891976599));
#674=VERTEX_POINT('',#673);
#675=CARTESIAN_POINT('',(-6.35,-7.8921263009,2.6639724955));
#676=DIRECTION('',(-0.0,-0.2240643264,0.9745743572));
#677=DIRECTION('',(-0.0,-0.9745743572,-0.2240643264));
#678=AXIS2_PLACEMENT_3D('',#675,#676,#677);
#679=ELLIPSE('',#678,2.5652224293,2.5);
#680=EDGE_CURVE('n° 4163',#666,#674,#679,.T.);
#681=ORIENTED_EDGE('',*,*,#680,.T.);
#682=CARTESIAN_POINT('',(6.35,-10.3921263009,2.0891976599));
#683=DIRECTION('',(1.0,0.0,-0.0));
#684=VECTOR('',#683,1.0);
#685=LINE('',#682,#684);
#686=EDGE_CURVE('n° 4167',#674,#621,#685,.T.);
#687=ORIENTED_EDGE('',*,*,#686,.T.);
#688=EDGE_LOOP('',(#630,#638,#647,#655,#664,#672,#681,#687));
#689=FACE_OUTER_BOUND('',#688,.T.);
#690=CARTESIAN_POINT('',(-0.25,-4.9326479947,3.3443859584));
#691=VERTEX_POINT('',#690);
#692=CARTESIAN_POINT('',(-0.25,-8.8309454234,2.4481286528));
#693=VERTEX_POINT('',#692);
#694=CARTESIAN_POINT('',(-0.25,-4.9326479947,3.3443859584));
#695=DIRECTION('',(0.0,-0.9745743572,-0.2240643264));
#696=VECTOR('',#695,1.0);
#697=LINE('',#694,#696);
#698=EDGE_CURVE('n° 3232',#691,#693,#697,.T.);
#699=ORIENTED_EDGE('',*,*,#698,.F.);
#700=CARTESIAN_POINT('',(0.25,-4.9326479947,3.3443859584));
#701=VERTEX_POINT('',#700);
#702=CARTESIAN_POINT('',(-0.25,-4.9326479947,3.3443859584));
#703=DIRECTION('',(-1.0,0.0,0.0));
#704=VECTOR('',#703,1.0);
#705=LINE('',#702,#704);
#706=EDGE_CURVE('n° 3244',#701,#691,#705,.T.);
#707=ORIENTED_EDGE('',*,*,#706,.F.);
#708=CARTESIAN_POINT('',(0.25,-8.8309454234,2.4481286528));
#709=VERTEX_POINT('',#708);
#710=CARTESIAN_POINT('',(0.25,-4.9326479947,3.3443859584));
#711=DIRECTION('',(0.0,0.9745743572,0.2240643264));
#712=VECTOR('',#711,1.0);
#713=LINE('',#710,#712);
#714=EDGE_CURVE('n° 3240',#709,#701,#713,.T.);
#715=ORIENTED_EDGE('',*,*,#714,.F.);
#716=CARTESIAN_POINT('',(-0.25,-8.8309454234,2.4481286528));
#717=DIRECTION('',(1.0,0.0,0.0));
#718=VECTOR('',#717,1.0);
#719=LINE('',#716,#718);
#720=EDGE_CURVE('n° 3236',#693,#709,#719,.T.);
#721=ORIENTED_EDGE('',*,*,#720,.F.);
#722=EDGE_LOOP('',(#699,#707,#715,#721));
#723=FACE_BOUND('',#722,.T.);
#724=CARTESIAN_POINT('',(0.0,10.1581203143,6.8139035084));
#725=VERTEX_POINT('',#724);
#726=CARTESIAN_POINT('',(0.0,7.7216844214,6.2537426924));
#727=DIRECTION('',(-0.0,-0.2240643264,0.9745743572));
#728=DIRECTION('',(0.0,0.9745743572,0.2240643264));
#729=AXIS2_PLACEMENT_3D('',#726,#727,#728);
#730=CIRCLE('',#729,2.5);
#731=EDGE_CURVE('n° 3325',#725,#725,#730,.T.);
#732=ORIENTED_EDGE('',*,*,#731,.F.);
#733=EDGE_LOOP('',(#732));
#734=FACE_BOUND('',#733,.T.);
#735=CARTESIAN_POINT('',(9.35,11.61998185,7.149999998));
#736=DIRECTION('',(0.0,0.2240643264,-0.9745743572));
#737=DIRECTION('',(0.0,0.9745743572,0.2240643264));
#738=AXIS2_PLACEMENT_3D('',#735,#736,#737);
#739=PLANE('',#738);
#740=ADVANCED_FACE('n° 3329',(#689,#723,#734),#739,.F.);
#741=CARTESIAN_POINT('',(-10.9,13.6,-16.45));
#742=VERTEX_POINT('',#741);
#743=CARTESIAN_POINT('',(-10.9,13.6,0.0));
#744=VERTEX_POINT('',#743);
#745=CARTESIAN_POINT('',(-10.9,13.6,-16.45));
#746=DIRECTION('',(0.0,0.0,1.0));
#747=VECTOR('',#746,1.0);
#748=LINE('',#745,#747);
#749=EDGE_CURVE('n° 74',#742,#744,#748,.T.);
#750=ORIENTED_EDGE('',*,*,#749,.T.);
#751=CARTESIAN_POINT('',(10.9,13.6,0.0));
#752=VERTEX_POINT('',#751);
#753=CARTESIAN_POINT('',(-10.9,13.6,0.0));
#754=DIRECTION('',(-1.0,-0.0,0.0));
#755=VECTOR('',#754,1.0);
#756=LINE('',#753,#755);
#757=EDGE_CURVE('n° 45',#752,#744,#756,.T.);
#758=ORIENTED_EDGE('',*,*,#757,.F.);
#759=CARTESIAN_POINT('',(10.9,13.6,-16.45));
#760=VERTEX_POINT('',#759);
#761=CARTESIAN_POINT('',(10.9,13.6,-16.45));
#762=DIRECTION('',(0.0,0.0,1.0));
#763=VECTOR('',#762,1.0);
#764=LINE('',#761,#763);
#765=EDGE_CURVE('n° 75',#760,#752,#764,.T.);
#766=ORIENTED_EDGE('',*,*,#765,.F.);
#767=CARTESIAN_POINT('',(9.9,13.6,-16.45));
#768=VERTEX_POINT('',#767);
#769=CARTESIAN_POINT('',(-10.9,13.6,-16.45));
#770=DIRECTION('',(-1.0,0.0,0.0));
#771=VECTOR('',#770,1.0);
#772=LINE('',#769,#771);
#773=EDGE_CURVE('n° 13',#760,#768,#772,.T.);
#774=ORIENTED_EDGE('',*,*,#773,.T.);
#775=CARTESIAN_POINT('',(9.9,13.6,-15.95));
#776=VERTEX_POINT('',#775);
#777=CARTESIAN_POINT('',(9.9,13.6,-15.95));
#778=DIRECTION('',(0.0,0.0,-1.0));
#779=VECTOR('',#778,1.0);
#780=LINE('',#777,#779);
#781=EDGE_CURVE('n° 579',#776,#768,#780,.T.);
#782=ORIENTED_EDGE('',*,*,#781,.F.);
#783=CARTESIAN_POINT('',(-9.9,13.6,-15.95));
#784=VERTEX_POINT('',#783);
#785=CARTESIAN_POINT('',(-0.0,13.6,-15.95));
#786=DIRECTION('',(-1.0,-0.0,0.0));
#787=VECTOR('',#786,1.0);
#788=LINE('',#785,#787);
#789=EDGE_CURVE('n° 597',#776,#784,#788,.T.);
#790=ORIENTED_EDGE('',*,*,#789,.T.);
#791=CARTESIAN_POINT('',(-9.9,13.6,-16.45));
#792=VERTEX_POINT('',#791);
#793=CARTESIAN_POINT('',(-9.9,13.6,-15.95));
#794=DIRECTION('',(0.0,0.0,-1.0));
#795=VECTOR('',#794,1.0);
#796=LINE('',#793,#795);
#797=EDGE_CURVE('n° 583',#784,#792,#796,.T.);
#798=ORIENTED_EDGE('',*,*,#797,.T.);
#799=CARTESIAN_POINT('',(-10.9,13.6,-16.45));
#800=DIRECTION('',(-1.0,0.0,0.0));
#801=VECTOR('',#800,1.0);
#802=LINE('',#799,#801);
#803=EDGE_CURVE('n° 529',#792,#742,#802,.T.);
#804=ORIENTED_EDGE('',*,*,#803,.T.);
#805=EDGE_LOOP('',(#750,#758,#766,#774,#782,#790,#798,#804));
#806=FACE_OUTER_BOUND('',#805,.T.);
#807=CARTESIAN_POINT('',(-6.15,13.6,0.0));
#808=DIRECTION('',(0.0,0.0,1.0));
#809=VECTOR('',#808,1.0);
#810=LINE('',#807,#809);
#811=EDGE_CURVE('n° 3531',#519,#423,#810,.T.);
#812=ORIENTED_EDGE('',*,*,#811,.T.);
#813=ORIENTED_EDGE('',*,*,#450,.T.);
#814=CARTESIAN_POINT('',(-9.95,13.6,-12.6));
#815=DIRECTION('',(0.0,-0.0,-1.0));
#816=VECTOR('',#815,1.0);
#817=LINE('',#814,#816);
#818=EDGE_CURVE('n° 2870',#439,#501,#817,.T.);
#819=ORIENTED_EDGE('',*,*,#818,.T.);
#820=ORIENTED_EDGE('',*,*,#530,.F.);
#821=EDGE_LOOP('',(#812,#813,#819,#820));
#822=FACE_BOUND('',#821,.T.);
#823=ORIENTED_EDGE('',*,*,#410,.T.);
#824=CARTESIAN_POINT('',(6.15,13.6,0.0));
#825=DIRECTION('',(0.0,0.0,-1.0));
#826=VECTOR('',#825,1.0);
#827=LINE('',#824,#826);
#828=EDGE_CURVE('n° 3520',#399,#463,#827,.T.);
#829=ORIENTED_EDGE('',*,*,#828,.T.);
#830=ORIENTED_EDGE('',*,*,#490,.F.);
#831=CARTESIAN_POINT('',(9.95,13.6,-12.6));
#832=DIRECTION('',(0.0,0.0,-1.0));
#833=VECTOR('',#832,1.0);
#834=LINE('',#831,#833);
#835=EDGE_CURVE('n° 2892',#383,#479,#834,.T.);
#836=ORIENTED_EDGE('',*,*,#835,.F.);
#837=EDGE_LOOP('',(#823,#829,#830,#836));
#838=FACE_BOUND('',#837,.T.);
#839=CARTESIAN_POINT('',(-10.9,13.6,-16.45));
#840=DIRECTION('',(-0.0,1.0,0.0));
#841=DIRECTION('',(-1.0,-0.0,0.0));
#842=AXIS2_PLACEMENT_3D('',#839,#840,#841);
#843=PLANE('',#842);
#844=ADVANCED_FACE('n° 2851',(#806,#822,#838),#843,.T.);
#845=ORIENTED_EDGE('',*,*,#32,.F.);
#846=CARTESIAN_POINT('',(-6.15,-16.15,0.0));
#847=DIRECTION('',(0.0,1.0,0.0));
#848=VECTOR('',#847,1.0);
#849=LINE('',#846,#848);
#850=EDGE_CURVE('n° 3886',#17,#239,#849,.T.);
#851=ORIENTED_EDGE('',*,*,#850,.T.);
#852=ORIENTED_EDGE('',*,*,#259,.T.);
#853=CARTESIAN_POINT('',(-9.95,-14.6,0.0));
#854=DIRECTION('',(-0.0,-1.0,0.0));
#855=VECTOR('',#854,1.0);
#856=LINE('',#853,#855);
#857=EDGE_CURVE('n° 3030',#248,#27,#856,.T.);
#858=ORIENTED_EDGE('',*,*,#857,.T.);
#859=EDGE_LOOP('',(#845,#851,#852,#858));
#860=FACE_OUTER_BOUND('',#859,.T.);
#861=CARTESIAN_POINT('',(-10.9,-13.6,0.0));
#862=VERTEX_POINT('',#861);
#863=CARTESIAN_POINT('',(10.9,-13.6,0.0));
#864=VERTEX_POINT('',#863);
#865=CARTESIAN_POINT('',(-10.9,-13.6,0.0));
#866=DIRECTION('',(1.0,0.0,0.0));
#867=VECTOR('',#866,1.0);
#868=LINE('',#865,#867);
#869=EDGE_CURVE('n° 53',#862,#864,#868,.T.);
#870=ORIENTED_EDGE('',*,*,#869,.T.);
#871=CARTESIAN_POINT('',(10.9,13.6,0.0));
#872=DIRECTION('',(-0.0,1.0,0.0));
#873=VECTOR('',#872,1.0);
#874=LINE('',#871,#873);
#875=EDGE_CURVE('n° 49',#864,#752,#874,.T.);
#876=ORIENTED_EDGE('',*,*,#875,.T.);
#877=ORIENTED_EDGE('',*,*,#757,.T.);
#878=CARTESIAN_POINT('',(-10.9,13.6,0.0));
#879=DIRECTION('',(0.0,-1.0,0.0));
#880=VECTOR('',#879,1.0);
#881=LINE('',#878,#880);
#882=EDGE_CURVE('n° 57',#744,#862,#881,.T.);
#883=ORIENTED_EDGE('',*,*,#882,.T.);
#884=EDGE_LOOP('',(#870,#876,#877,#883));
#885=FACE_BOUND('',#884,.T.);
#886=ORIENTED_EDGE('',*,*,#283,.T.);
#887=CARTESIAN_POINT('',(6.15,-16.15,0.0));
#888=DIRECTION('',(0.0,1.0,0.0));
#889=VECTOR('',#888,1.0);
#890=LINE('',#887,#889);
#891=EDGE_CURVE('n° 3902',#59,#270,#890,.T.);
#892=ORIENTED_EDGE('',*,*,#891,.F.);
#893=ORIENTED_EDGE('',*,*,#86,.F.);
#894=CARTESIAN_POINT('',(9.95,-14.6,0.0));
#895=DIRECTION('',(0.0,-1.0,0.0));
#896=VECTOR('',#895,1.0);
#897=LINE('',#894,#896);
#898=EDGE_CURVE('n° 3055',#278,#75,#897,.T.);
#899=ORIENTED_EDGE('',*,*,#898,.F.);
#900=EDGE_LOOP('',(#886,#892,#893,#899));
#901=FACE_BOUND('',#900,.T.);
#902=CARTESIAN_POINT('',(11.6,-15.75,0.0));
#903=VERTEX_POINT('',#902);
#904=CARTESIAN_POINT('',(12.6,-14.75,0.0));
#905=VERTEX_POINT('',#904);
#906=CARTESIAN_POINT('',(11.6,-14.75,0.0));
#907=DIRECTION('',(0.0,0.0,1.0));
#908=DIRECTION('',(1.0,0.0,-0.0));
#909=AXIS2_PLACEMENT_3D('',#906,#907,#908);
#910=CIRCLE('',#909,1.0);
#911=EDGE_CURVE('n° 169',#903,#905,#910,.T.);
#912=ORIENTED_EDGE('',*,*,#911,.F.);
#913=CARTESIAN_POINT('',(-11.6,-15.75,0.0));
#914=VERTEX_POINT('',#913);
#915=CARTESIAN_POINT('',(-11.6,-15.75,0.0));
#916=DIRECTION('',(1.0,0.0,0.0));
#917=VECTOR('',#916,1.0);
#918=LINE('',#915,#917);
#919=EDGE_CURVE('n° 165',#914,#903,#918,.T.);
#920=ORIENTED_EDGE('',*,*,#919,.F.);
#921=CARTESIAN_POINT('',(-12.6,-14.75,0.0));
#922=VERTEX_POINT('',#921);
#923=CARTESIAN_POINT('',(-11.6,-14.75,0.0));
#924=DIRECTION('',(0.0,0.0,1.0));
#925=DIRECTION('',(1.0,0.0,-0.0));
#926=AXIS2_PLACEMENT_3D('',#923,#924,#925);
#927=CIRCLE('',#926,1.0);
#928=EDGE_CURVE('n° 161',#922,#914,#927,.T.);
#929=ORIENTED_EDGE('',*,*,#928,.F.);
#930=CARTESIAN_POINT('',(-12.6,14.75,0.0));
#931=VERTEX_POINT('',#930);
#932=CARTESIAN_POINT('',(-12.6,14.75,0.0));
#933=DIRECTION('',(0.0,-1.0,0.0));
#934=VECTOR('',#933,1.0);
#935=LINE('',#932,#934);
#936=EDGE_CURVE('n° 157',#931,#922,#935,.T.);
#937=ORIENTED_EDGE('',*,*,#936,.F.);
#938=CARTESIAN_POINT('',(-11.6,15.75,0.0));
#939=VERTEX_POINT('',#938);
#940=CARTESIAN_POINT('',(-11.6,14.75,0.0));
#941=DIRECTION('',(0.0,0.0,1.0));
#942=DIRECTION('',(1.0,0.0,-0.0));
#943=AXIS2_PLACEMENT_3D('',#940,#941,#942);
#944=CIRCLE('',#943,1.0);
#945=EDGE_CURVE('n° 153',#939,#931,#944,.T.);
#946=ORIENTED_EDGE('',*,*,#945,.F.);
#947=CARTESIAN_POINT('',(11.6,15.75,0.0));
#948=VERTEX_POINT('',#947);
#949=CARTESIAN_POINT('',(-11.6,15.75,0.0));
#950=DIRECTION('',(-1.0,-0.0,0.0));
#951=VECTOR('',#950,1.0);
#952=LINE('',#949,#951);
#953=EDGE_CURVE('n° 149',#948,#939,#952,.T.);
#954=ORIENTED_EDGE('',*,*,#953,.F.);
#955=CARTESIAN_POINT('',(12.6,14.75,0.0));
#956=VERTEX_POINT('',#955);
#957=CARTESIAN_POINT('',(11.6,14.75,0.0));
#958=DIRECTION('',(0.0,0.0,1.0));
#959=DIRECTION('',(1.0,0.0,-0.0));
#960=AXIS2_PLACEMENT_3D('',#957,#958,#959);
#961=CIRCLE('',#960,1.0);
#962=EDGE_CURVE('n° 145',#956,#948,#961,.T.);
#963=ORIENTED_EDGE('',*,*,#962,.F.);
#964=CARTESIAN_POINT('',(12.6,14.75,0.0));
#965=DIRECTION('',(-0.0,1.0,0.0));
#966=VECTOR('',#965,1.0);
#967=LINE('',#964,#966);
#968=EDGE_CURVE('n° 173',#905,#956,#967,.T.);
#969=ORIENTED_EDGE('',*,*,#968,.F.);
#970=EDGE_LOOP('',(#912,#920,#929,#937,#946,#954,#963,#969));
#971=FACE_BOUND('',#970,.T.);
#972=ORIENTED_EDGE('',*,*,#570,.T.);
#973=CARTESIAN_POINT('',(6.15,16.15,0.0));
#974=DIRECTION('',(0.0,-1.0,0.0));
#975=VECTOR('',#974,1.0);
#976=LINE('',#973,#975);
#977=EDGE_CURVE('n° 3523',#559,#303,#976,.T.);
#978=ORIENTED_EDGE('',*,*,#977,.T.);
#979=ORIENTED_EDGE('',*,*,#330,.F.);
#980=CARTESIAN_POINT('',(9.95,14.6,0.0));
#981=DIRECTION('',(0.0,-1.0,-0.0));
#982=VECTOR('',#981,1.0);
#983=LINE('',#980,#982);
#984=EDGE_CURVE('n° 2881',#543,#319,#983,.T.);
#985=ORIENTED_EDGE('',*,*,#984,.F.);
#986=EDGE_LOOP('',(#972,#978,#979,#985));
#987=FACE_BOUND('',#986,.T.);
#988=ORIENTED_EDGE('',*,*,#370,.F.);
#989=CARTESIAN_POINT('',(-6.15,16.15,0.0));
#990=DIRECTION('',(-0.0,-1.0,0.0));
#991=VECTOR('',#990,1.0);
#992=LINE('',#989,#991);
#993=EDGE_CURVE('n° 3543',#583,#359,#992,.T.);
#994=ORIENTED_EDGE('',*,*,#993,.F.);
#995=ORIENTED_EDGE('',*,*,#610,.T.);
#996=CARTESIAN_POINT('',(-9.95,14.6,0.0));
#997=DIRECTION('',(-0.0,-1.0,0.0));
#998=VECTOR('',#997,1.0);
#999=LINE('',#996,#998);
#1000=EDGE_CURVE('n° 2856',#599,#341,#999,.T.);
#1001=ORIENTED_EDGE('',*,*,#1000,.T.);
#1002=EDGE_LOOP('',(#988,#994,#995,#1001));
#1003=FACE_BOUND('',#1002,.T.);
#1004=CARTESIAN_POINT('',(11.6,14.75,0.0));
#1005=DIRECTION('',(0.0,0.0,1.0));
#1006=DIRECTION('',(1.0,0.0,-0.0));
#1007=AXIS2_PLACEMENT_3D('',#1004,#1005,#1006);
#1008=PLANE('',#1007);
#1009=ADVANCED_FACE('n° 2831',(#860,#885,#901,#971,#987,#1003),#1008,.F.);
#1010=CARTESIAN_POINT('',(9.9,-13.6,-15.95));
#1011=VERTEX_POINT('',#1010);
#1012=CARTESIAN_POINT('',(9.9,0.0,-15.95));
#1013=DIRECTION('',(0.0,1.0,0.0));
#1014=VECTOR('',#1013,1.0);
#1015=LINE('',#1012,#1014);
#1016=EDGE_CURVE('n° 594',#1011,#776,#1015,.T.);
#1017=ORIENTED_EDGE('',*,*,#1016,.F.);
#1018=CARTESIAN_POINT('',(-9.9,-13.6,-15.95));
#1019=VERTEX_POINT('',#1018);
#1020=CARTESIAN_POINT('',(0.0,-13.6,-15.95));
#1021=DIRECTION('',(1.0,0.0,0.0));
#1022=VECTOR('',#1021,1.0);
#1023=LINE('',#1020,#1022);
#1024=EDGE_CURVE('n° 604',#1019,#1011,#1023,.T.);
#1025=ORIENTED_EDGE('',*,*,#1024,.F.);
#1026=CARTESIAN_POINT('',(-9.9,0.0,-15.95));
#1027=DIRECTION('',(-0.0,-1.0,0.0));
#1028=VECTOR('',#1027,1.0);
#1029=LINE('',#1026,#1028);
#1030=EDGE_CURVE('n° 601',#784,#1019,#1029,.T.);
#1031=ORIENTED_EDGE('',*,*,#1030,.F.);
#1032=ORIENTED_EDGE('',*,*,#789,.F.);
#1033=EDGE_LOOP('',(#1017,#1025,#1031,#1032));
#1034=FACE_OUTER_BOUND('',#1033,.T.);
#1035=CARTESIAN_POINT('',(0.65,12.65,-15.95));
#1036=VERTEX_POINT('',#1035);
#1037=CARTESIAN_POINT('',(0.65,-12.65,-15.95));
#1038=VERTEX_POINT('',#1037);
#1039=CARTESIAN_POINT('',(0.65,0.0,-15.95));
#1040=DIRECTION('',(-0.0,-1.0,0.0));
#1041=VECTOR('',#1040,1.0);
#1042=LINE('',#1039,#1041);
#1043=EDGE_CURVE('n° 608',#1036,#1038,#1042,.T.);
#1044=ORIENTED_EDGE('',*,*,#1043,.F.);
#1045=CARTESIAN_POINT('',(-0.65,12.65,-15.95));
#1046=VERTEX_POINT('',#1045);
#1047=CARTESIAN_POINT('',(0.0,12.65,-15.95));
#1048=DIRECTION('',(1.0,0.0,0.0));
#1049=VECTOR('',#1048,1.0);
#1050=LINE('',#1047,#1049);
#1051=EDGE_CURVE('n° 620',#1046,#1036,#1050,.T.);
#1052=ORIENTED_EDGE('',*,*,#1051,.F.);
#1053=CARTESIAN_POINT('',(-0.65,-12.65,-15.95));
#1054=VERTEX_POINT('',#1053);
#1055=CARTESIAN_POINT('',(-0.65,0.0,-15.95));
#1056=DIRECTION('',(0.0,1.0,0.0));
#1057=VECTOR('',#1056,1.0);
#1058=LINE('',#1055,#1057);
#1059=EDGE_CURVE('n° 616',#1054,#1046,#1058,.T.);
#1060=ORIENTED_EDGE('',*,*,#1059,.F.);
#1061=CARTESIAN_POINT('',(0.0,-12.65,-15.95));
#1062=DIRECTION('',(-1.0,0.0,0.0));
#1063=VECTOR('',#1062,1.0);
#1064=LINE('',#1061,#1063);
#1065=EDGE_CURVE('n° 612',#1038,#1054,#1064,.T.);
#1066=ORIENTED_EDGE('',*,*,#1065,.F.);
#1067=EDGE_LOOP('',(#1044,#1052,#1060,#1066));
#1068=FACE_BOUND('',#1067,.T.);
#1069=CARTESIAN_POINT('',(8.25,9.05,-15.95));
#1070=VERTEX_POINT('',#1069);
#1071=CARTESIAN_POINT('',(2.05,9.05,-15.95));
#1072=VERTEX_POINT('',#1071);
#1073=CARTESIAN_POINT('',(8.25,9.05,-15.95));
#1074=DIRECTION('',(-1.0,0.0,0.0));
#1075=VECTOR('',#1074,1.0);
#1076=LINE('',#1073,#1075);
#1077=EDGE_CURVE('n° 847',#1070,#1072,#1076,.T.);
#1078=ORIENTED_EDGE('',*,*,#1077,.F.);
#1079=CARTESIAN_POINT('',(8.25,9.85,-15.95));
#1080=VERTEX_POINT('',#1079);
#1081=CARTESIAN_POINT('',(8.25,9.85,-15.95));
#1082=DIRECTION('',(0.0,-1.0,0.0));
#1083=VECTOR('',#1082,1.0);
#1084=LINE('',#1081,#1083);
#1085=EDGE_CURVE('n° 843',#1080,#1070,#1084,.T.);
#1086=ORIENTED_EDGE('',*,*,#1085,.F.);
#1087=CARTESIAN_POINT('',(2.05,9.85,-15.95));
#1088=VERTEX_POINT('',#1087);
#1089=CARTESIAN_POINT('',(8.25,9.85,-15.95));
#1090=DIRECTION('',(1.0,0.0,0.0));
#1091=VECTOR('',#1090,1.0);
#1092=LINE('',#1089,#1091);
#1093=EDGE_CURVE('n° 855',#1088,#1080,#1092,.T.);
#1094=ORIENTED_EDGE('',*,*,#1093,.F.);
#1095=CARTESIAN_POINT('',(2.05,9.85,-15.95));
#1096=DIRECTION('',(0.0,1.0,0.0));
#1097=VECTOR('',#1096,1.0);
#1098=LINE('',#1095,#1097);
#1099=EDGE_CURVE('n° 851',#1072,#1088,#1098,.T.);
#1100=ORIENTED_EDGE('',*,*,#1099,.F.);
#1101=EDGE_LOOP('',(#1078,#1086,#1094,#1100));
#1102=FACE_BOUND('',#1101,.T.);
#1103=CARTESIAN_POINT('',(-2.05,9.05,-15.95));
#1104=VERTEX_POINT('',#1103);
#1105=CARTESIAN_POINT('',(-8.25,9.05,-15.95));
#1106=VERTEX_POINT('',#1105);
#1107=CARTESIAN_POINT('',(-2.05,9.05,-15.95));
#1108=DIRECTION('',(-1.0,0.0,0.0));
#1109=VECTOR('',#1108,1.0);
#1110=LINE('',#1107,#1109);
#1111=EDGE_CURVE('n° 956',#1104,#1106,#1110,.T.);
#1112=ORIENTED_EDGE('',*,*,#1111,.F.);
#1113=CARTESIAN_POINT('',(-2.05,9.85,-15.95));
#1114=VERTEX_POINT('',#1113);
#1115=CARTESIAN_POINT('',(-2.05,9.85,-15.95));
#1116=DIRECTION('',(0.0,-1.0,0.0));
#1117=VECTOR('',#1116,1.0);
#1118=LINE('',#1115,#1117);
#1119=EDGE_CURVE('n° 952',#1114,#1104,#1118,.T.);
#1120=ORIENTED_EDGE('',*,*,#1119,.F.);
#1121=CARTESIAN_POINT('',(-8.25,9.85,-15.95));
#1122=VERTEX_POINT('',#1121);
#1123=CARTESIAN_POINT('',(-2.05,9.85,-15.95));
#1124=DIRECTION('',(1.0,0.0,0.0));
#1125=VECTOR('',#1124,1.0);
#1126=LINE('',#1123,#1125);
#1127=EDGE_CURVE('n° 964',#1122,#1114,#1126,.T.);
#1128=ORIENTED_EDGE('',*,*,#1127,.F.);
#1129=CARTESIAN_POINT('',(-8.25,9.85,-15.95));
#1130=DIRECTION('',(0.0,1.0,0.0));
#1131=VECTOR('',#1130,1.0);
#1132=LINE('',#1129,#1131);
#1133=EDGE_CURVE('n° 960',#1106,#1122,#1132,.T.);
#1134=ORIENTED_EDGE('',*,*,#1133,.F.);
#1135=EDGE_LOOP('',(#1112,#1120,#1128,#1134));
#1136=FACE_BOUND('',#1135,.T.);
#1137=CARTESIAN_POINT('',(-2.05,-0.15,-15.95));
#1138=VERTEX_POINT('',#1137);
#1139=CARTESIAN_POINT('',(-8.25,-0.15,-15.95));
#1140=VERTEX_POINT('',#1139);
#1141=CARTESIAN_POINT('',(-2.05,-0.15,-15.95));
#1142=DIRECTION('',(-1.0,-0.0,0.0));
#1143=VECTOR('',#1142,1.0);
#1144=LINE('',#1141,#1143);
#1145=EDGE_CURVE('n° 1065',#1138,#1140,#1144,.T.);
#1146=ORIENTED_EDGE('',*,*,#1145,.F.);
#1147=CARTESIAN_POINT('',(-2.05,0.65,-15.95));
#1148=VERTEX_POINT('',#1147);
#1149=CARTESIAN_POINT('',(-2.05,0.65,-15.95));
#1150=DIRECTION('',(-0.0,-1.0,0.0));
#1151=VECTOR('',#1150,1.0);
#1152=LINE('',#1149,#1151);
#1153=EDGE_CURVE('n° 1061',#1148,#1138,#1152,.T.);
#1154=ORIENTED_EDGE('',*,*,#1153,.F.);
#1155=CARTESIAN_POINT('',(-8.25,0.65,-15.95));
#1156=VERTEX_POINT('',#1155);
#1157=CARTESIAN_POINT('',(-2.05,0.65,-15.95));
#1158=DIRECTION('',(1.0,0.0,0.0));
#1159=VECTOR('',#1158,1.0);
#1160=LINE('',#1157,#1159);
#1161=EDGE_CURVE('n° 1073',#1156,#1148,#1160,.T.);
#1162=ORIENTED_EDGE('',*,*,#1161,.F.);
#1163=CARTESIAN_POINT('',(-8.25,0.65,-15.95));
#1164=DIRECTION('',(0.0,1.0,0.0));
#1165=VECTOR('',#1164,1.0);
#1166=LINE('',#1163,#1165);
#1167=EDGE_CURVE('n° 1069',#1140,#1156,#1166,.T.);
#1168=ORIENTED_EDGE('',*,*,#1167,.F.);
#1169=EDGE_LOOP('',(#1146,#1154,#1162,#1168));
#1170=FACE_BOUND('',#1169,.T.);
#1171=CARTESIAN_POINT('',(8.25,-0.15,-15.95));
#1172=VERTEX_POINT('',#1171);
#1173=CARTESIAN_POINT('',(2.05,-0.15,-15.95));
#1174=VERTEX_POINT('',#1173);
#1175=CARTESIAN_POINT('',(8.25,-0.15,-15.95));
#1176=DIRECTION('',(-1.0,0.0,0.0));
#1177=VECTOR('',#1176,1.0);
#1178=LINE('',#1175,#1177);
#1179=EDGE_CURVE('n° 1174',#1172,#1174,#1178,.T.);
#1180=ORIENTED_EDGE('',*,*,#1179,.F.);
#1181=CARTESIAN_POINT('',(8.25,0.65,-15.95));
#1182=VERTEX_POINT('',#1181);
#1183=CARTESIAN_POINT('',(8.25,0.65,-15.95));
#1184=DIRECTION('',(-0.0,-1.0,0.0));
#1185=VECTOR('',#1184,1.0);
#1186=LINE('',#1183,#1185);
#1187=EDGE_CURVE('n° 1170',#1182,#1172,#1186,.T.);
#1188=ORIENTED_EDGE('',*,*,#1187,.F.);
#1189=CARTESIAN_POINT('',(2.05,0.65,-15.95));
#1190=VERTEX_POINT('',#1189);
#1191=CARTESIAN_POINT('',(8.25,0.65,-15.95));
#1192=DIRECTION('',(1.0,0.0,0.0));
#1193=VECTOR('',#1192,1.0);
#1194=LINE('',#1191,#1193);
#1195=EDGE_CURVE('n° 1182',#1190,#1182,#1194,.T.);
#1196=ORIENTED_EDGE('',*,*,#1195,.F.);
#1197=CARTESIAN_POINT('',(2.05,0.65,-15.95));
#1198=DIRECTION('',(0.0,1.0,0.0));
#1199=VECTOR('',#1198,1.0);
#1200=LINE('',#1197,#1199);
#1201=EDGE_CURVE('n° 1178',#1174,#1190,#1200,.T.);
#1202=ORIENTED_EDGE('',*,*,#1201,.F.);
#1203=EDGE_LOOP('',(#1180,#1188,#1196,#1202));
#1204=FACE_BOUND('',#1203,.T.);
#1205=CARTESIAN_POINT('',(0.0,0.0,-15.95));
#1206=DIRECTION('',(0.0,0.0,-1.0));
#1207=DIRECTION('',(-1.0,0.0,-0.0));
#1208=AXIS2_PLACEMENT_3D('',#1205,#1206,#1207);
#1209=PLANE('',#1208);
#1210=ADVANCED_FACE('n° 1166',(#1034,#1068,#1102,#1136,#1170,#1204),#1209,.T.);
#1211=CARTESIAN_POINT('',(9.9,-13.6,-16.45));
#1212=VERTEX_POINT('',#1211);
#1213=CARTESIAN_POINT('',(9.9,0.0,-16.45));
#1214=DIRECTION('',(0.0,1.0,0.0));
#1215=VECTOR('',#1214,1.0);
#1216=LINE('',#1213,#1215);
#1217=EDGE_CURVE('n° 571',#1212,#768,#1216,.T.);
#1218=ORIENTED_EDGE('',*,*,#1217,.T.);
#1219=ORIENTED_EDGE('',*,*,#773,.F.);
#1220=CARTESIAN_POINT('',(10.9,-13.6,-16.45));
#1221=VERTEX_POINT('',#1220);
#1222=CARTESIAN_POINT('',(10.9,13.6,-16.45));
#1223=DIRECTION('',(-0.0,1.0,0.0));
#1224=VECTOR('',#1223,1.0);
#1225=LINE('',#1222,#1224);
#1226=EDGE_CURVE('n° 10',#1221,#760,#1225,.T.);
#1227=ORIENTED_EDGE('',*,*,#1226,.F.);
#1228=CARTESIAN_POINT('',(-10.9,-13.6,-16.45));
#1229=DIRECTION('',(1.0,0.0,0.0));
#1230=VECTOR('',#1229,1.0);
#1231=LINE('',#1228,#1230);
#1232=EDGE_CURVE('n° 509',#1212,#1221,#1231,.T.);
#1233=ORIENTED_EDGE('',*,*,#1232,.F.);
#1234=EDGE_LOOP('',(#1218,#1219,#1227,#1233));
#1235=FACE_OUTER_BOUND('',#1234,.T.);
#1236=CARTESIAN_POINT('',(-10.9,-13.6,-16.45));
#1237=DIRECTION('',(-0.0,0.0,1.0));
#1238=DIRECTION('',(1.0,0.0,0.0));
#1239=AXIS2_PLACEMENT_3D('',#1236,#1237,#1238);
#1240=PLANE('',#1239);
#1241=ADVANCED_FACE('n° 553',(#1235),#1240,.F.);
#1242=CARTESIAN_POINT('',(-9.9,-13.6,-16.45));
#1243=VERTEX_POINT('',#1242);
#1244=CARTESIAN_POINT('',(-9.9,0.0,-16.45));
#1245=DIRECTION('',(-0.0,-1.0,0.0));
#1246=VECTOR('',#1245,1.0);
#1247=LINE('',#1244,#1246);
#1248=EDGE_CURVE('n° 580',#792,#1243,#1247,.T.);
#1249=ORIENTED_EDGE('',*,*,#1248,.T.);
#1250=CARTESIAN_POINT('',(-10.9,-13.6,-16.45));
#1251=VERTEX_POINT('',#1250);
#1252=CARTESIAN_POINT('',(-10.9,-13.6,-16.45));
#1253=DIRECTION('',(1.0,0.0,0.0));
#1254=VECTOR('',#1253,1.0);
#1255=LINE('',#1252,#1254);
#1256=EDGE_CURVE('n° 7',#1251,#1243,#1255,.T.);
#1257=ORIENTED_EDGE('',*,*,#1256,.F.);
#1258=CARTESIAN_POINT('',(-10.9,13.6,-16.45));
#1259=DIRECTION('',(0.0,-1.0,0.0));
#1260=VECTOR('',#1259,1.0);
#1261=LINE('',#1258,#1260);
#1262=EDGE_CURVE('n° 4',#742,#1251,#1261,.T.);
#1263=ORIENTED_EDGE('',*,*,#1262,.F.);
#1264=ORIENTED_EDGE('',*,*,#803,.F.);
#1265=EDGE_LOOP('',(#1249,#1257,#1263,#1264));
#1266=FACE_OUTER_BOUND('',#1265,.T.);
#1267=CARTESIAN_POINT('',(-10.9,-13.6,-16.45));
#1268=DIRECTION('',(-0.0,0.0,1.0));
#1269=DIRECTION('',(1.0,0.0,0.0));
#1270=AXIS2_PLACEMENT_3D('',#1267,#1268,#1269);
#1271=PLANE('',#1270);
#1272=ADVANCED_FACE('n° 548',(#1266),#1271,.F.);
#1273=CARTESIAN_POINT('',(10.9,-13.6,-16.45));
#1274=DIRECTION('',(0.0,0.0,1.0));
#1275=VECTOR('',#1274,1.0);
#1276=LINE('',#1273,#1275);
#1277=EDGE_CURVE('n° 76',#1221,#864,#1276,.T.);
#1278=ORIENTED_EDGE('',*,*,#1277,.T.);
#1279=ORIENTED_EDGE('',*,*,#869,.F.);
#1280=CARTESIAN_POINT('',(-10.9,-13.6,-16.45));
#1281=DIRECTION('',(0.0,0.0,1.0));
#1282=VECTOR('',#1281,1.0);
#1283=LINE('',#1280,#1282);
#1284=EDGE_CURVE('n° 77',#1251,#862,#1283,.T.);
#1285=ORIENTED_EDGE('',*,*,#1284,.F.);
#1286=ORIENTED_EDGE('',*,*,#1256,.T.);
#1287=CARTESIAN_POINT('',(-9.9,-13.6,-15.95));
#1288=DIRECTION('',(0.0,0.0,-1.0));
#1289=VECTOR('',#1288,1.0);
#1290=LINE('',#1287,#1289);
#1291=EDGE_CURVE('n° 588',#1019,#1243,#1290,.T.);
#1292=ORIENTED_EDGE('',*,*,#1291,.F.);
#1293=ORIENTED_EDGE('',*,*,#1024,.T.);
#1294=CARTESIAN_POINT('',(9.9,-13.6,-15.95));
#1295=DIRECTION('',(0.0,0.0,-1.0));
#1296=VECTOR('',#1295,1.0);
#1297=LINE('',#1294,#1296);
#1298=EDGE_CURVE('n° 574',#1011,#1212,#1297,.T.);
#1299=ORIENTED_EDGE('',*,*,#1298,.T.);
#1300=ORIENTED_EDGE('',*,*,#1232,.T.);
#1301=EDGE_LOOP('',(#1278,#1279,#1285,#1286,#1292,#1293,#1299,#1300));
#1302=FACE_OUTER_BOUND('',#1301,.T.);
#1303=CARTESIAN_POINT('',(6.15,-13.6,0.0));
#1304=DIRECTION('',(0.0,0.0,1.0));
#1305=VECTOR('',#1304,1.0);
#1306=LINE('',#1303,#1305);
#1307=EDGE_CURVE('n° 3894',#128,#201,#1306,.T.);
#1308=ORIENTED_EDGE('',*,*,#1307,.T.);
#1309=ORIENTED_EDGE('',*,*,#228,.F.);
#1310=CARTESIAN_POINT('',(9.95,-13.6,-12.6));
#1311=DIRECTION('',(0.0,0.0,1.0));
#1312=VECTOR('',#1311,1.0);
#1313=LINE('',#1310,#1312);
#1314=EDGE_CURVE('n° 3064',#136,#217,#1313,.T.);
#1315=ORIENTED_EDGE('',*,*,#1314,.F.);
#1316=ORIENTED_EDGE('',*,*,#141,.T.);
#1317=EDGE_LOOP('',(#1308,#1309,#1315,#1316));
#1318=FACE_BOUND('',#1317,.T.);
#1319=ORIENTED_EDGE('',*,*,#174,.F.);
#1320=CARTESIAN_POINT('',(-6.15,-13.6,0.0));
#1321=DIRECTION('',(0.0,0.0,-1.0));
#1322=VECTOR('',#1321,1.0);
#1323=LINE('',#1320,#1322);
#1324=EDGE_CURVE('n° 3887',#159,#97,#1323,.T.);
#1325=ORIENTED_EDGE('',*,*,#1324,.T.);
#1326=ORIENTED_EDGE('',*,*,#117,.T.);
#1327=CARTESIAN_POINT('',(-9.95,-13.6,-12.6));
#1328=DIRECTION('',(0.0,-0.0,1.0));
#1329=VECTOR('',#1328,1.0);
#1330=LINE('',#1327,#1329);
#1331=EDGE_CURVE('n° 3042',#106,#169,#1330,.T.);
#1332=ORIENTED_EDGE('',*,*,#1331,.T.);
#1333=EDGE_LOOP('',(#1319,#1325,#1326,#1332));
#1334=FACE_BOUND('',#1333,.T.);
#1335=CARTESIAN_POINT('',(-10.9,-13.6,-16.45));
#1336=DIRECTION('',(0.0,-1.0,0.0));
#1337=DIRECTION('',(1.0,0.0,0.0));
#1338=AXIS2_PLACEMENT_3D('',#1335,#1336,#1337);
#1339=PLANE('',#1338);
#1340=ADVANCED_FACE('n° 523',(#1302,#1318,#1334),#1339,.T.);
#1341=ORIENTED_EDGE('',*,*,#882,.F.);
#1342=ORIENTED_EDGE('',*,*,#749,.F.);
#1343=ORIENTED_EDGE('',*,*,#1262,.T.);
#1344=ORIENTED_EDGE('',*,*,#1284,.T.);
#1345=EDGE_LOOP('',(#1341,#1342,#1343,#1344));
#1346=FACE_OUTER_BOUND('',#1345,.T.);
#1347=CARTESIAN_POINT('',(-10.9,13.6,-16.45));
#1348=DIRECTION('',(-1.0,0.0,0.0));
#1349=DIRECTION('',(0.0,0.0,1.0));
#1350=AXIS2_PLACEMENT_3D('',#1347,#1348,#1349);
#1351=PLANE('',#1350);
#1352=ADVANCED_FACE('n° 85',(#1346),#1351,.T.);
#1353=ORIENTED_EDGE('',*,*,#875,.F.);
#1354=ORIENTED_EDGE('',*,*,#1277,.F.);
#1355=ORIENTED_EDGE('',*,*,#1226,.T.);
#1356=ORIENTED_EDGE('',*,*,#765,.T.);
#1357=EDGE_LOOP('',(#1353,#1354,#1355,#1356));
#1358=FACE_OUTER_BOUND('',#1357,.T.);
#1359=CARTESIAN_POINT('',(10.9,13.6,-16.45));
#1360=DIRECTION('',(1.0,0.0,-0.0));
#1361=DIRECTION('',(-0.0,1.0,0.0));
#1362=AXIS2_PLACEMENT_3D('',#1359,#1360,#1361);
#1363=PLANE('',#1362);
#1364=ADVANCED_FACE('n° 81',(#1358),#1363,.T.);
#1365=CARTESIAN_POINT('',(11.6,15.75,1.5));
#1366=VERTEX_POINT('',#1365);
#1367=CARTESIAN_POINT('',(11.6,15.75,2.0));
#1368=DIRECTION('',(0.0,0.0,-1.0));
#1369=VECTOR('',#1368,1.0);
#1370=LINE('',#1367,#1369);
#1371=EDGE_CURVE('n° 4276',#1366,#948,#1370,.T.);
#1372=ORIENTED_EDGE('',*,*,#1371,.F.);
#1373=CARTESIAN_POINT('',(12.6,14.75,1.5));
#1374=VERTEX_POINT('',#1373);
#1375=CARTESIAN_POINT('',(11.6,14.75,1.5));
#1376=DIRECTION('',(-0.0,-0.0,-1.0));
#1377=DIRECTION('',(1.0,0.0,-0.0));
#1378=AXIS2_PLACEMENT_3D('',#1375,#1376,#1377);
#1379=CIRCLE('',#1378,1.0);
#1380=EDGE_CURVE('n° 4286',#1366,#1374,#1379,.T.);
#1381=ORIENTED_EDGE('',*,*,#1380,.T.);
#1382=CARTESIAN_POINT('',(12.6,14.75,2.0));
#1383=DIRECTION('',(0.0,0.0,-1.0));
#1384=VECTOR('',#1383,1.0);
#1385=LINE('',#1382,#1384);
#1386=EDGE_CURVE('n° 4284',#1374,#956,#1385,.T.);
#1387=ORIENTED_EDGE('',*,*,#1386,.T.);
#1388=ORIENTED_EDGE('',*,*,#962,.T.);
#1389=EDGE_LOOP('',(#1372,#1381,#1387,#1388));
#1390=FACE_OUTER_BOUND('',#1389,.T.);
#1391=CARTESIAN_POINT('',(11.6,14.75,2.0));
#1392=DIRECTION('',(-0.0,-0.0,-1.0));
#1393=DIRECTION('',(-1.0,0.0,0.0));
#1394=AXIS2_PLACEMENT_3D('',#1391,#1392,#1393);
#1395=CYLINDRICAL_SURFACE('',#1394,1.0);
#1396=ADVANCED_FACE('n° 224',(#1390),#1395,.T.);
#1397=CARTESIAN_POINT('',(-11.6,15.75,1.5));
#1398=VERTEX_POINT('',#1397);
#1399=CARTESIAN_POINT('',(-11.6,15.75,2.0));
#1400=DIRECTION('',(0.0,0.0,-1.0));
#1401=VECTOR('',#1400,1.0);
#1402=LINE('',#1399,#1401);
#1403=EDGE_CURVE('n° 4268',#1398,#939,#1402,.T.);
#1404=ORIENTED_EDGE('',*,*,#1403,.F.);
#1405=CARTESIAN_POINT('',(11.6,15.75,1.5));
#1406=DIRECTION('',(1.0,0.0,0.0));
#1407=VECTOR('',#1406,1.0);
#1408=LINE('',#1405,#1407);
#1409=EDGE_CURVE('n° 4278',#1398,#1366,#1408,.T.);
#1410=ORIENTED_EDGE('',*,*,#1409,.T.);
#1411=ORIENTED_EDGE('',*,*,#1371,.T.);
#1412=ORIENTED_EDGE('',*,*,#953,.T.);
#1413=EDGE_LOOP('',(#1404,#1410,#1411,#1412));
#1414=FACE_OUTER_BOUND('',#1413,.T.);
#1415=CARTESIAN_POINT('',(-11.6,15.75,2.0));
#1416=DIRECTION('',(0.0,-1.0,0.0));
#1417=DIRECTION('',(1.0,0.0,0.0));
#1418=AXIS2_PLACEMENT_3D('',#1415,#1416,#1417);
#1419=PLANE('',#1418);
#1420=ADVANCED_FACE('n° 228',(#1414),#1419,.F.);
#1421=CARTESIAN_POINT('',(-12.6,14.75,1.5));
#1422=VERTEX_POINT('',#1421);
#1423=CARTESIAN_POINT('',(-12.6,14.75,2.0));
#1424=DIRECTION('',(0.0,0.0,-1.0));
#1425=VECTOR('',#1424,1.0);
#1426=LINE('',#1423,#1425);
#1427=EDGE_CURVE('n° 4265',#1422,#931,#1426,.T.);
#1428=ORIENTED_EDGE('',*,*,#1427,.F.);
#1429=CARTESIAN_POINT('',(-11.6,14.75,1.5));
#1430=DIRECTION('',(-0.0,-0.0,-1.0));
#1431=DIRECTION('',(1.0,0.0,-0.0));
#1432=AXIS2_PLACEMENT_3D('',#1429,#1430,#1431);
#1433=CIRCLE('',#1432,1.0);
#1434=EDGE_CURVE('n° 4270',#1422,#1398,#1433,.T.);
#1435=ORIENTED_EDGE('',*,*,#1434,.T.);
#1436=ORIENTED_EDGE('',*,*,#1403,.T.);
#1437=ORIENTED_EDGE('',*,*,#945,.T.);
#1438=EDGE_LOOP('',(#1428,#1435,#1436,#1437));
#1439=FACE_OUTER_BOUND('',#1438,.T.);
#1440=CARTESIAN_POINT('',(-11.6,14.75,2.0));
#1441=DIRECTION('',(-0.0,-0.0,-1.0));
#1442=DIRECTION('',(-1.0,0.0,0.0));
#1443=AXIS2_PLACEMENT_3D('',#1440,#1441,#1442);
#1444=CYLINDRICAL_SURFACE('',#1443,1.0);
#1445=ADVANCED_FACE('n° 232',(#1439),#1444,.T.);
#1446=CARTESIAN_POINT('',(-12.6,-14.75,1.5));
#1447=VERTEX_POINT('',#1446);
#1448=CARTESIAN_POINT('',(-12.6,-14.75,2.0));
#1449=DIRECTION('',(0.0,0.0,-1.0));
#1450=VECTOR('',#1449,1.0);
#1451=LINE('',#1448,#1450);
#1452=EDGE_CURVE('n° 4316',#1447,#922,#1451,.T.);
#1453=ORIENTED_EDGE('',*,*,#1452,.F.);
#1454=CARTESIAN_POINT('',(-12.6,14.75,1.5));
#1455=DIRECTION('',(-0.0,1.0,0.0));
#1456=VECTOR('',#1455,1.0);
#1457=LINE('',#1454,#1456);
#1458=EDGE_CURVE('n° 4438',#1447,#1422,#1457,.T.);
#1459=ORIENTED_EDGE('',*,*,#1458,.T.);
#1460=ORIENTED_EDGE('',*,*,#1427,.T.);
#1461=ORIENTED_EDGE('',*,*,#936,.T.);
#1462=EDGE_LOOP('',(#1453,#1459,#1460,#1461));
#1463=FACE_OUTER_BOUND('',#1462,.T.);
#1464=CARTESIAN_POINT('',(-12.6,14.75,2.0));
#1465=DIRECTION('',(1.0,0.0,-0.0));
#1466=DIRECTION('',(-0.0,1.0,0.0));
#1467=AXIS2_PLACEMENT_3D('',#1464,#1465,#1466);
#1468=PLANE('',#1467);
#1469=ADVANCED_FACE('n° 236',(#1463),#1468,.F.);
#1470=CARTESIAN_POINT('',(-11.6,-15.75,1.5));
#1471=VERTEX_POINT('',#1470);
#1472=CARTESIAN_POINT('',(-11.6,-15.75,2.0));
#1473=DIRECTION('',(0.0,0.0,-1.0));
#1474=VECTOR('',#1473,1.0);
#1475=LINE('',#1472,#1474);
#1476=EDGE_CURVE('n° 4308',#1471,#914,#1475,.T.);
#1477=ORIENTED_EDGE('',*,*,#1476,.F.);
#1478=CARTESIAN_POINT('',(-11.6,-14.75,1.5));
#1479=DIRECTION('',(-0.0,-0.0,-1.0));
#1480=DIRECTION('',(1.0,0.0,-0.0));
#1481=AXIS2_PLACEMENT_3D('',#1478,#1479,#1480);
#1482=CIRCLE('',#1481,1.0);
#1483=EDGE_CURVE('n° 4318',#1471,#1447,#1482,.T.);
#1484=ORIENTED_EDGE('',*,*,#1483,.T.);
#1485=ORIENTED_EDGE('',*,*,#1452,.T.);
#1486=ORIENTED_EDGE('',*,*,#928,.T.);
#1487=EDGE_LOOP('',(#1477,#1484,#1485,#1486));
#1488=FACE_OUTER_BOUND('',#1487,.T.);
#1489=CARTESIAN_POINT('',(-11.6,-14.75,2.0));
#1490=DIRECTION('',(-0.0,-0.0,-1.0));
#1491=DIRECTION('',(-1.0,0.0,0.0));
#1492=AXIS2_PLACEMENT_3D('',#1489,#1490,#1491);
#1493=CYLINDRICAL_SURFACE('',#1492,1.0);
#1494=ADVANCED_FACE('n° 240',(#1488),#1493,.T.);
#1495=CARTESIAN_POINT('',(11.6,-15.75,1.5));
#1496=VERTEX_POINT('',#1495);
#1497=CARTESIAN_POINT('',(11.6,-15.75,2.0));
#1498=DIRECTION('',(0.0,0.0,-1.0));
#1499=VECTOR('',#1498,1.0);
#1500=LINE('',#1497,#1499);
#1501=EDGE_CURVE('n° 4300',#1496,#903,#1500,.T.);
#1502=ORIENTED_EDGE('',*,*,#1501,.F.);
#1503=CARTESIAN_POINT('',(-11.6,-15.75,1.5));
#1504=DIRECTION('',(-1.0,0.0,0.0));
#1505=VECTOR('',#1504,1.0);
#1506=LINE('',#1503,#1505);
#1507=EDGE_CURVE('n° 4310',#1496,#1471,#1506,.T.);
#1508=ORIENTED_EDGE('',*,*,#1507,.T.);
#1509=ORIENTED_EDGE('',*,*,#1476,.T.);
#1510=ORIENTED_EDGE('',*,*,#919,.T.);
#1511=EDGE_LOOP('',(#1502,#1508,#1509,#1510));
#1512=FACE_OUTER_BOUND('',#1511,.T.);
#1513=CARTESIAN_POINT('',(-11.6,-15.75,2.0));
#1514=DIRECTION('',(-0.0,1.0,0.0));
#1515=DIRECTION('',(-1.0,-0.0,0.0));
#1516=AXIS2_PLACEMENT_3D('',#1513,#1514,#1515);
#1517=PLANE('',#1516);
#1518=ADVANCED_FACE('n° 244',(#1512),#1517,.F.);
#1519=CARTESIAN_POINT('',(12.6,-14.75,1.5));
#1520=VERTEX_POINT('',#1519);
#1521=CARTESIAN_POINT('',(12.6,-14.75,2.0));
#1522=DIRECTION('',(0.0,0.0,-1.0));
#1523=VECTOR('',#1522,1.0);
#1524=LINE('',#1521,#1523);
#1525=EDGE_CURVE('n° 4292',#1520,#905,#1524,.T.);
#1526=ORIENTED_EDGE('',*,*,#1525,.F.);
#1527=CARTESIAN_POINT('',(11.6,-14.75,1.5));
#1528=DIRECTION('',(-0.0,-0.0,-1.0));
#1529=DIRECTION('',(1.0,0.0,-0.0));
#1530=AXIS2_PLACEMENT_3D('',#1527,#1528,#1529);
#1531=CIRCLE('',#1530,1.0);
#1532=EDGE_CURVE('n° 4302',#1520,#1496,#1531,.T.);
#1533=ORIENTED_EDGE('',*,*,#1532,.T.);
#1534=ORIENTED_EDGE('',*,*,#1501,.T.);
#1535=ORIENTED_EDGE('',*,*,#911,.T.);
#1536=EDGE_LOOP('',(#1526,#1533,#1534,#1535));
#1537=FACE_OUTER_BOUND('',#1536,.T.);
#1538=CARTESIAN_POINT('',(11.6,-14.75,2.0));
#1539=DIRECTION('',(-0.0,-0.0,-1.0));
#1540=DIRECTION('',(-1.0,0.0,0.0));
#1541=AXIS2_PLACEMENT_3D('',#1538,#1539,#1540);
#1542=CYLINDRICAL_SURFACE('',#1541,1.0);
#1543=ADVANCED_FACE('n° 248',(#1537),#1542,.T.);
#1544=ORIENTED_EDGE('',*,*,#1386,.F.);
#1545=CARTESIAN_POINT('',(12.6,-14.75,1.5));
#1546=DIRECTION('',(0.0,-1.0,0.0));
#1547=VECTOR('',#1546,1.0);
#1548=LINE('',#1545,#1547);
#1549=EDGE_CURVE('n° 4294',#1374,#1520,#1548,.T.);
#1550=ORIENTED_EDGE('',*,*,#1549,.T.);
#1551=ORIENTED_EDGE('',*,*,#1525,.T.);
#1552=ORIENTED_EDGE('',*,*,#968,.T.);
#1553=EDGE_LOOP('',(#1544,#1550,#1551,#1552));
#1554=FACE_OUTER_BOUND('',#1553,.T.);
#1555=CARTESIAN_POINT('',(12.6,14.75,2.0));
#1556=DIRECTION('',(-1.0,0.0,0.0));
#1557=DIRECTION('',(0.0,0.0,1.0));
#1558=AXIS2_PLACEMENT_3D('',#1555,#1556,#1557);
#1559=PLANE('',#1558);
#1560=ADVANCED_FACE('n° 252',(#1554),#1559,.F.);
#1561=CARTESIAN_POINT('',(11.6,15.25,2.0));
#1562=VERTEX_POINT('',#1561);
#1563=CARTESIAN_POINT('',(-11.6,15.25,2.0));
#1564=VERTEX_POINT('',#1563);
#1565=CARTESIAN_POINT('',(-11.6,15.25,2.0));
#1566=DIRECTION('',(-1.0,-0.0,0.0));
#1567=VECTOR('',#1566,1.0);
#1568=LINE('',#1565,#1567);
#1569=EDGE_CURVE('n° 4256',#1562,#1564,#1568,.T.);
#1570=ORIENTED_EDGE('',*,*,#1569,.T.);
#1571=CARTESIAN_POINT('',(-12.1,14.75,2.0));
#1572=VERTEX_POINT('',#1571);
#1573=CARTESIAN_POINT('',(-11.6,14.75,2.0));
#1574=DIRECTION('',(0.0,0.0,1.0));
#1575=DIRECTION('',(1.0,0.0,-0.0));
#1576=AXIS2_PLACEMENT_3D('',#1573,#1574,#1575);
#1577=CIRCLE('',#1576,0.5);
#1578=EDGE_CURVE('n° 4259',#1564,#1572,#1577,.T.);
#1579=ORIENTED_EDGE('',*,*,#1578,.T.);
#1580=CARTESIAN_POINT('',(-12.1,-14.75,2.0));
#1581=VERTEX_POINT('',#1580);
#1582=CARTESIAN_POINT('',(-12.1,-14.75,2.0));
#1583=DIRECTION('',(0.0,-1.0,0.0));
#1584=VECTOR('',#1583,1.0);
#1585=LINE('',#1582,#1584);
#1586=EDGE_CURVE('n° 4232',#1572,#1581,#1585,.T.);
#1587=ORIENTED_EDGE('',*,*,#1586,.T.);
#1588=CARTESIAN_POINT('',(-11.6,-15.25,2.0));
#1589=VERTEX_POINT('',#1588);
#1590=CARTESIAN_POINT('',(-11.6,-14.75,2.0));
#1591=DIRECTION('',(0.0,0.0,1.0));
#1592=DIRECTION('',(1.0,0.0,-0.0));
#1593=AXIS2_PLACEMENT_3D('',#1590,#1591,#1592);
#1594=CIRCLE('',#1593,0.5);
#1595=EDGE_CURVE('n° 4236',#1581,#1589,#1594,.T.);
#1596=ORIENTED_EDGE('',*,*,#1595,.T.);
#1597=CARTESIAN_POINT('',(11.6,-15.25,2.0));
#1598=VERTEX_POINT('',#1597);
#1599=CARTESIAN_POINT('',(11.6,-15.25,2.0));
#1600=DIRECTION('',(1.0,0.0,0.0));
#1601=VECTOR('',#1600,1.0);
#1602=LINE('',#1599,#1601);
#1603=EDGE_CURVE('n° 4240',#1589,#1598,#1602,.T.);
#1604=ORIENTED_EDGE('',*,*,#1603,.T.);
#1605=CARTESIAN_POINT('',(12.1,-14.75,2.0));
#1606=VERTEX_POINT('',#1605);
#1607=CARTESIAN_POINT('',(11.6,-14.75,2.0));
#1608=DIRECTION('',(0.0,0.0,1.0));
#1609=DIRECTION('',(1.0,0.0,-0.0));
#1610=AXIS2_PLACEMENT_3D('',#1607,#1608,#1609);
#1611=CIRCLE('',#1610,0.5);
#1612=EDGE_CURVE('n° 4244',#1598,#1606,#1611,.T.);
#1613=ORIENTED_EDGE('',*,*,#1612,.T.);
#1614=CARTESIAN_POINT('',(12.1,14.75,2.0));
#1615=VERTEX_POINT('',#1614);
#1616=CARTESIAN_POINT('',(12.1,14.75,2.0));
#1617=DIRECTION('',(-0.0,1.0,0.0));
#1618=VECTOR('',#1617,1.0);
#1619=LINE('',#1616,#1618);
#1620=EDGE_CURVE('n° 4248',#1606,#1615,#1619,.T.);
#1621=ORIENTED_EDGE('',*,*,#1620,.T.);
#1622=CARTESIAN_POINT('',(11.6,14.75,2.0));
#1623=DIRECTION('',(0.0,0.0,1.0));
#1624=DIRECTION('',(1.0,0.0,-0.0));
#1625=AXIS2_PLACEMENT_3D('',#1622,#1623,#1624);
#1626=CIRCLE('',#1625,0.5);
#1627=EDGE_CURVE('n° 4252',#1615,#1562,#1626,.T.);
#1628=ORIENTED_EDGE('',*,*,#1627,.T.);
#1629=EDGE_LOOP('',(#1570,#1579,#1587,#1596,#1604,#1613,#1621,#1628));
#1630=FACE_OUTER_BOUND('',#1629,.T.);
#1631=CARTESIAN_POINT('',(-9.55,10.0040180111,2.0));
#1632=VERTEX_POINT('',#1631);
#1633=CARTESIAN_POINT('',(-9.55,-7.9800941377,2.0));
#1634=VERTEX_POINT('',#1633);
#1635=CARTESIAN_POINT('',(-9.55,13.0040180111,2.0));
#1636=DIRECTION('',(0.0,-1.0,0.0));
#1637=VECTOR('',#1636,1.0);
#1638=LINE('',#1635,#1637);
#1639=EDGE_CURVE('n° 2129',#1632,#1634,#1638,.T.);
#1640=ORIENTED_EDGE('',*,*,#1639,.F.);
#1641=CARTESIAN_POINT('',(-6.55,13.0040180111,2.0));
#1642=VERTEX_POINT('',#1641);
#1643=CARTESIAN_POINT('',(-6.55,10.0040180111,2.0));
#1644=DIRECTION('',(-0.0,-0.0,-1.0));
#1645=DIRECTION('',(1.0,0.0,-0.0));
#1646=AXIS2_PLACEMENT_3D('',#1643,#1644,#1645);
#1647=CIRCLE('',#1646,3.0);
#1648=EDGE_CURVE('n° 2152',#1632,#1642,#1647,.T.);
#1649=ORIENTED_EDGE('',*,*,#1648,.T.);
#1650=CARTESIAN_POINT('',(6.55,13.0040180111,2.0));
#1651=VERTEX_POINT('',#1650);
#1652=CARTESIAN_POINT('',(9.55,13.0040180111,2.0));
#1653=DIRECTION('',(-1.0,0.0,0.0));
#1654=VECTOR('',#1653,1.0);
#1655=LINE('',#1652,#1654);
#1656=EDGE_CURVE('n° 2113',#1651,#1642,#1655,.T.);
#1657=ORIENTED_EDGE('',*,*,#1656,.F.);
#1658=CARTESIAN_POINT('',(9.55,10.0040180111,2.0));
#1659=VERTEX_POINT('',#1658);
#1660=CARTESIAN_POINT('',(6.55,10.0040180111,2.0));
#1661=DIRECTION('',(-0.0,-0.0,-1.0));
#1662=DIRECTION('',(1.0,0.0,-0.0));
#1663=AXIS2_PLACEMENT_3D('',#1660,#1661,#1662);
#1664=CIRCLE('',#1663,3.0);
#1665=EDGE_CURVE('n° 2148',#1651,#1659,#1664,.T.);
#1666=ORIENTED_EDGE('',*,*,#1665,.T.);
#1667=CARTESIAN_POINT('',(9.55,-7.9800941377,2.0));
#1668=VERTEX_POINT('',#1667);
#1669=CARTESIAN_POINT('',(9.55,-10.9800941377,2.0));
#1670=DIRECTION('',(0.0,1.0,0.0));
#1671=VECTOR('',#1670,1.0);
#1672=LINE('',#1669,#1671);
#1673=EDGE_CURVE('n° 2037',#1668,#1659,#1672,.T.);
#1674=ORIENTED_EDGE('',*,*,#1673,.F.);
#1675=CARTESIAN_POINT('',(6.55,-10.9800941377,2.0));
#1676=VERTEX_POINT('',#1675);
#1677=CARTESIAN_POINT('',(6.55,-7.9800941377,2.0));
#1678=DIRECTION('',(-0.0,-0.0,-1.0));
#1679=DIRECTION('',(1.0,0.0,-0.0));
#1680=AXIS2_PLACEMENT_3D('',#1677,#1678,#1679);
#1681=CIRCLE('',#1680,3.0);
#1682=EDGE_CURVE('n° 2144',#1668,#1676,#1681,.T.);
#1683=ORIENTED_EDGE('',*,*,#1682,.T.);
#1684=CARTESIAN_POINT('',(-6.55,-10.9800941377,2.0));
#1685=VERTEX_POINT('',#1684);
#1686=CARTESIAN_POINT('',(-9.55,-10.9800941377,2.0));
#1687=DIRECTION('',(1.0,0.0,0.0));
#1688=VECTOR('',#1687,1.0);
#1689=LINE('',#1686,#1688);
#1690=EDGE_CURVE('n° 2059',#1685,#1676,#1689,.T.);
#1691=ORIENTED_EDGE('',*,*,#1690,.F.);
#1692=CARTESIAN_POINT('',(-6.55,-7.9800941377,2.0));
#1693=DIRECTION('',(-0.0,-0.0,-1.0));
#1694=DIRECTION('',(1.0,0.0,-0.0));
#1695=AXIS2_PLACEMENT_3D('',#1692,#1693,#1694);
#1696=CIRCLE('',#1695,3.0);
#1697=EDGE_CURVE('n° 2156',#1685,#1634,#1696,.T.);
#1698=ORIENTED_EDGE('',*,*,#1697,.T.);
#1699=EDGE_LOOP('',(#1640,#1649,#1657,#1666,#1674,#1683,#1691,#1698));
#1700=FACE_BOUND('',#1699,.T.);
#1701=CARTESIAN_POINT('',(11.6,14.75,2.0));
#1702=DIRECTION('',(0.0,0.0,1.0));
#1703=DIRECTION('',(1.0,0.0,-0.0));
#1704=AXIS2_PLACEMENT_3D('',#1701,#1702,#1703);
#1705=PLANE('',#1704);
#1706=ADVANCED_FACE('n° 256',(#1630,#1700),#1705,.T.);
#1707=ORIENTED_EDGE('',*,*,#1217,.F.);
#1708=ORIENTED_EDGE('',*,*,#1298,.F.);
#1709=ORIENTED_EDGE('',*,*,#1016,.T.);
#1710=ORIENTED_EDGE('',*,*,#781,.T.);
#1711=EDGE_LOOP('',(#1707,#1708,#1709,#1710));
#1712=FACE_OUTER_BOUND('',#1711,.T.);
#1713=CARTESIAN_POINT('',(9.9,0.0,-15.95));
#1714=DIRECTION('',(-1.0,0.0,0.0));
#1715=DIRECTION('',(0.0,0.0,1.0));
#1716=AXIS2_PLACEMENT_3D('',#1713,#1714,#1715);
#1717=PLANE('',#1716);
#1718=ADVANCED_FACE('n° 655',(#1712),#1717,.T.);
#1719=ORIENTED_EDGE('',*,*,#1248,.F.);
#1720=ORIENTED_EDGE('',*,*,#797,.F.);
#1721=ORIENTED_EDGE('',*,*,#1030,.T.);
#1722=ORIENTED_EDGE('',*,*,#1291,.T.);
#1723=EDGE_LOOP('',(#1719,#1720,#1721,#1722));
#1724=FACE_OUTER_BOUND('',#1723,.T.);
#1725=CARTESIAN_POINT('',(-9.9,0.0,-15.95));
#1726=DIRECTION('',(1.0,-0.0,0.0));
#1727=DIRECTION('',(0.0,1.0,0.0));
#1728=AXIS2_PLACEMENT_3D('',#1725,#1726,#1727);
#1729=PLANE('',#1728);
#1730=ADVANCED_FACE('n° 664',(#1724),#1729,.T.);
#1731=CARTESIAN_POINT('',(0.65,12.65,-30.15));
#1732=VERTEX_POINT('',#1731);
#1733=CARTESIAN_POINT('',(0.65,-12.65,-30.15));
#1734=VERTEX_POINT('',#1733);
#1735=CARTESIAN_POINT('',(0.65,12.65,-30.15));
#1736=DIRECTION('',(0.0,-1.0,0.0));
#1737=VECTOR('',#1736,1.0);
#1738=LINE('',#1735,#1737);
#1739=EDGE_CURVE('n° 405',#1732,#1734,#1738,.T.);
#1740=ORIENTED_EDGE('',*,*,#1739,.T.);
#1741=CARTESIAN_POINT('',(-0.65,-12.65,-30.15));
#1742=VERTEX_POINT('',#1741);
#1743=CARTESIAN_POINT('',(0.65,-12.65,-30.15));
#1744=DIRECTION('',(-1.0,0.0,0.0));
#1745=VECTOR('',#1744,1.0);
#1746=LINE('',#1743,#1745);
#1747=EDGE_CURVE('n° 408',#1734,#1742,#1746,.T.);
#1748=ORIENTED_EDGE('',*,*,#1747,.T.);
#1749=CARTESIAN_POINT('',(-0.65,12.65,-30.15));
#1750=VERTEX_POINT('',#1749);
#1751=CARTESIAN_POINT('',(-0.65,12.65,-30.15));
#1752=DIRECTION('',(0.0,1.0,0.0));
#1753=VECTOR('',#1752,1.0);
#1754=LINE('',#1751,#1753);
#1755=EDGE_CURVE('n° 411',#1742,#1750,#1754,.T.);
#1756=ORIENTED_EDGE('',*,*,#1755,.T.);
#1757=CARTESIAN_POINT('',(0.65,12.65,-30.15));
#1758=DIRECTION('',(1.0,0.0,0.0));
#1759=VECTOR('',#1758,1.0);
#1760=LINE('',#1757,#1759);
#1761=EDGE_CURVE('n° 414',#1750,#1732,#1760,.T.);
#1762=ORIENTED_EDGE('',*,*,#1761,.T.);
#1763=EDGE_LOOP('',(#1740,#1748,#1756,#1762));
#1764=FACE_OUTER_BOUND('',#1763,.T.);
#1765=CARTESIAN_POINT('',(0.65,-12.65,-30.15));
#1766=DIRECTION('',(-0.0,-0.0,-1.0));
#1767=DIRECTION('',(-1.0,0.0,0.0));
#1768=AXIS2_PLACEMENT_3D('',#1765,#1766,#1767);
#1769=PLANE('',#1768);
#1770=ADVANCED_FACE('n° 441',(#1764),#1769,.T.);
#1771=CARTESIAN_POINT('',(-0.65,12.65,-30.15));
#1772=DIRECTION('',(0.0,0.0,1.0));
#1773=VECTOR('',#1772,1.0);
#1774=LINE('',#1771,#1773);
#1775=EDGE_CURVE('n° 404',#1750,#1046,#1774,.T.);
#1776=ORIENTED_EDGE('',*,*,#1775,.T.);
#1777=ORIENTED_EDGE('',*,*,#1051,.T.);
#1778=CARTESIAN_POINT('',(0.65,12.65,-30.15));
#1779=DIRECTION('',(0.0,0.0,1.0));
#1780=VECTOR('',#1779,1.0);
#1781=LINE('',#1778,#1780);
#1782=EDGE_CURVE('n° 392',#1732,#1036,#1781,.T.);
#1783=ORIENTED_EDGE('',*,*,#1782,.F.);
#1784=ORIENTED_EDGE('',*,*,#1761,.F.);
#1785=EDGE_LOOP('',(#1776,#1777,#1783,#1784));
#1786=FACE_OUTER_BOUND('',#1785,.T.);
#1787=CARTESIAN_POINT('',(0.65,12.65,-30.15));
#1788=DIRECTION('',(-0.0,-1.0,-0.0));
#1789=DIRECTION('',(0.0,0.0,-1.0));
#1790=AXIS2_PLACEMENT_3D('',#1787,#1788,#1789);
#1791=PLANE('',#1790);
#1792=ADVANCED_FACE('n° 437',(#1786),#1791,.F.);
#1793=CARTESIAN_POINT('',(-0.65,-12.65,-30.15));
#1794=DIRECTION('',(-0.0,0.0,1.0));
#1795=VECTOR('',#1794,1.0);
#1796=LINE('',#1793,#1795);
#1797=EDGE_CURVE('n° 400',#1742,#1054,#1796,.T.);
#1798=ORIENTED_EDGE('',*,*,#1797,.T.);
#1799=ORIENTED_EDGE('',*,*,#1059,.T.);
#1800=ORIENTED_EDGE('',*,*,#1775,.F.);
#1801=ORIENTED_EDGE('',*,*,#1755,.F.);
#1802=EDGE_LOOP('',(#1798,#1799,#1800,#1801));
#1803=FACE_OUTER_BOUND('',#1802,.T.);
#1804=CARTESIAN_POINT('',(-0.65,12.65,-30.15));
#1805=DIRECTION('',(1.0,-0.0,0.0));
#1806=DIRECTION('',(0.0,1.0,0.0));
#1807=AXIS2_PLACEMENT_3D('',#1804,#1805,#1806);
#1808=PLANE('',#1807);
#1809=ADVANCED_FACE('n° 433',(#1803),#1808,.F.);
#1810=CARTESIAN_POINT('',(0.65,-12.65,-30.15));
#1811=DIRECTION('',(-0.0,0.0,1.0));
#1812=VECTOR('',#1811,1.0);
#1813=LINE('',#1810,#1812);
#1814=EDGE_CURVE('n° 396',#1734,#1038,#1813,.T.);
#1815=ORIENTED_EDGE('',*,*,#1814,.T.);
#1816=ORIENTED_EDGE('',*,*,#1065,.T.);
#1817=ORIENTED_EDGE('',*,*,#1797,.F.);
#1818=ORIENTED_EDGE('',*,*,#1747,.F.);
#1819=EDGE_LOOP('',(#1815,#1816,#1817,#1818));
#1820=FACE_OUTER_BOUND('',#1819,.T.);
#1821=CARTESIAN_POINT('',(0.65,-12.65,-30.15));
#1822=DIRECTION('',(0.0,1.0,0.0));
#1823=DIRECTION('',(0.0,-0.0,1.0));
#1824=AXIS2_PLACEMENT_3D('',#1821,#1822,#1823);
#1825=PLANE('',#1824);
#1826=ADVANCED_FACE('n° 429',(#1820),#1825,.F.);
#1827=ORIENTED_EDGE('',*,*,#1782,.T.);
#1828=ORIENTED_EDGE('',*,*,#1043,.T.);
#1829=ORIENTED_EDGE('',*,*,#1814,.F.);
#1830=ORIENTED_EDGE('',*,*,#1739,.F.);
#1831=EDGE_LOOP('',(#1827,#1828,#1829,#1830));
#1832=FACE_OUTER_BOUND('',#1831,.T.);
#1833=CARTESIAN_POINT('',(0.65,12.65,-30.15));
#1834=DIRECTION('',(-1.0,-0.0,-0.0));
#1835=DIRECTION('',(-0.0,0.0,1.0));
#1836=AXIS2_PLACEMENT_3D('',#1833,#1834,#1835);
#1837=PLANE('',#1836);
#1838=ADVANCED_FACE('n° 425',(#1832),#1837,.F.);
#1839=CARTESIAN_POINT('',(8.25,9.05,-26.35));
#1840=VERTEX_POINT('',#1839);
#1841=CARTESIAN_POINT('',(8.25,9.05,-27.35));
#1842=DIRECTION('',(0.0,0.0,1.0));
#1843=VECTOR('',#1842,1.0);
#1844=LINE('',#1841,#1843);
#1845=EDGE_CURVE('n° 2339',#1840,#1070,#1844,.T.);
#1846=ORIENTED_EDGE('',*,*,#1845,.F.);
#1847=CARTESIAN_POINT('',(8.25,9.85,-26.35));
#1848=VERTEX_POINT('',#1847);
#1849=CARTESIAN_POINT('',(8.25,9.85,-26.35));
#1850=DIRECTION('',(-0.0,1.0,0.0));
#1851=VECTOR('',#1850,1.0);
#1852=LINE('',#1849,#1851);
#1853=EDGE_CURVE('n° 2351',#1840,#1848,#1852,.T.);
#1854=ORIENTED_EDGE('',*,*,#1853,.T.);
#1855=CARTESIAN_POINT('',(8.25,9.85,-27.35));
#1856=DIRECTION('',(0.0,0.0,1.0));
#1857=VECTOR('',#1856,1.0);
#1858=LINE('',#1855,#1857);
#1859=EDGE_CURVE('n° 2315',#1848,#1080,#1858,.T.);
#1860=ORIENTED_EDGE('',*,*,#1859,.T.);
#1861=ORIENTED_EDGE('',*,*,#1085,.T.);
#1862=EDGE_LOOP('',(#1846,#1854,#1860,#1861));
#1863=FACE_OUTER_BOUND('',#1862,.T.);
#1864=CARTESIAN_POINT('',(8.25,9.85,-27.35));
#1865=DIRECTION('',(-1.0,-0.0,-0.0));
#1866=DIRECTION('',(0.0,-1.0,0.0));
#1867=AXIS2_PLACEMENT_3D('',#1864,#1865,#1866);
#1868=PLANE('',#1867);
#1869=ADVANCED_FACE('n° 879',(#1863),#1868,.F.);
#1870=CARTESIAN_POINT('',(2.05,9.05,-26.35));
#1871=VERTEX_POINT('',#1870);
#1872=CARTESIAN_POINT('',(2.05,9.05,-27.35));
#1873=DIRECTION('',(0.0,0.0,1.0));
#1874=VECTOR('',#1873,1.0);
#1875=LINE('',#1872,#1874);
#1876=EDGE_CURVE('n° 2331',#1871,#1072,#1875,.T.);
#1877=ORIENTED_EDGE('',*,*,#1876,.F.);
#1878=CARTESIAN_POINT('',(3.05,9.05,-27.35));
#1879=VERTEX_POINT('',#1878);
#1880=CARTESIAN_POINT('',(3.05,9.05,-27.35));
#1881=DIRECTION('',(0.7071067812,0.0,-0.7071067812));
#1882=VECTOR('',#1881,1.0);
#1883=LINE('',#1880,#1882);
#1884=EDGE_CURVE('n° 2346',#1871,#1879,#1883,.T.);
#1885=ORIENTED_EDGE('',*,*,#1884,.T.);
#1886=CARTESIAN_POINT('',(7.25,9.05,-27.35));
#1887=VERTEX_POINT('',#1886);
#1888=CARTESIAN_POINT('',(8.25,9.05,-27.35));
#1889=DIRECTION('',(-1.0,0.0,0.0));
#1890=VECTOR('',#1889,1.0);
#1891=LINE('',#1888,#1890);
#1892=EDGE_CURVE('n° 2293',#1887,#1879,#1891,.T.);
#1893=ORIENTED_EDGE('',*,*,#1892,.F.);
#1894=CARTESIAN_POINT('',(7.25,9.05,-27.35));
#1895=DIRECTION('',(0.7071067812,0.0,0.7071067812));
#1896=VECTOR('',#1895,1.0);
#1897=LINE('',#1894,#1896);
#1898=EDGE_CURVE('n° 2341',#1887,#1840,#1897,.T.);
#1899=ORIENTED_EDGE('',*,*,#1898,.T.);
#1900=ORIENTED_EDGE('',*,*,#1845,.T.);
#1901=ORIENTED_EDGE('',*,*,#1077,.T.);
#1902=EDGE_LOOP('',(#1877,#1885,#1893,#1899,#1900,#1901));
#1903=FACE_OUTER_BOUND('',#1902,.T.);
#1904=CARTESIAN_POINT('',(8.25,9.05,-27.35));
#1905=DIRECTION('',(0.0,1.0,0.0));
#1906=DIRECTION('',(0.0,-0.0,1.0));
#1907=AXIS2_PLACEMENT_3D('',#1904,#1905,#1906);
#1908=PLANE('',#1907);
#1909=ADVANCED_FACE('n° 883',(#1903),#1908,.F.);
#1910=CARTESIAN_POINT('',(2.05,9.85,-26.35));
#1911=VERTEX_POINT('',#1910);
#1912=CARTESIAN_POINT('',(2.05,9.85,-27.35));
#1913=DIRECTION('',(0.0,0.0,1.0));
#1914=VECTOR('',#1913,1.0);
#1915=LINE('',#1912,#1914);
#1916=EDGE_CURVE('n° 2318',#1911,#1088,#1915,.T.);
#1917=ORIENTED_EDGE('',*,*,#1916,.F.);
#1918=CARTESIAN_POINT('',(2.05,9.05,-26.35));
#1919=DIRECTION('',(0.0,-1.0,0.0));
#1920=VECTOR('',#1919,1.0);
#1921=LINE('',#1918,#1920);
#1922=EDGE_CURVE('n° 2333',#1911,#1871,#1921,.T.);
#1923=ORIENTED_EDGE('',*,*,#1922,.T.);
#1924=ORIENTED_EDGE('',*,*,#1876,.T.);
#1925=ORIENTED_EDGE('',*,*,#1099,.T.);
#1926=EDGE_LOOP('',(#1917,#1923,#1924,#1925));
#1927=FACE_OUTER_BOUND('',#1926,.T.);
#1928=CARTESIAN_POINT('',(2.05,9.85,-27.35));
#1929=DIRECTION('',(1.0,0.0,0.0));
#1930=DIRECTION('',(0.0,0.0,-1.0));
#1931=AXIS2_PLACEMENT_3D('',#1928,#1929,#1930);
#1932=PLANE('',#1931);
#1933=ADVANCED_FACE('n° 887',(#1927),#1932,.F.);
#1934=CARTESIAN_POINT('',(3.05,9.85,-27.35));
#1935=VERTEX_POINT('',#1934);
#1936=CARTESIAN_POINT('',(7.25,9.85,-27.35));
#1937=VERTEX_POINT('',#1936);
#1938=CARTESIAN_POINT('',(8.25,9.85,-27.35));
#1939=DIRECTION('',(1.0,0.0,0.0));
#1940=VECTOR('',#1939,1.0);
#1941=LINE('',#1938,#1940);
#1942=EDGE_CURVE('n° 2299',#1935,#1937,#1941,.T.);
#1943=ORIENTED_EDGE('',*,*,#1942,.F.);
#1944=CARTESIAN_POINT('',(3.05,9.85,-27.35));
#1945=DIRECTION('',(-0.7071067812,0.0,0.7071067812));
#1946=VECTOR('',#1945,1.0);
#1947=LINE('',#1944,#1946);
#1948=EDGE_CURVE('n° 2325',#1935,#1911,#1947,.T.);
#1949=ORIENTED_EDGE('',*,*,#1948,.T.);
#1950=ORIENTED_EDGE('',*,*,#1916,.T.);
#1951=ORIENTED_EDGE('',*,*,#1093,.T.);
#1952=ORIENTED_EDGE('',*,*,#1859,.F.);
#1953=CARTESIAN_POINT('',(7.25,9.85,-27.35));
#1954=DIRECTION('',(-0.7071067812,0.0,-0.7071067812));
#1955=VECTOR('',#1954,1.0);
#1956=LINE('',#1953,#1955);
#1957=EDGE_CURVE('n° 2320',#1848,#1937,#1956,.T.);
#1958=ORIENTED_EDGE('',*,*,#1957,.T.);
#1959=EDGE_LOOP('',(#1943,#1949,#1950,#1951,#1952,#1958));
#1960=FACE_OUTER_BOUND('',#1959,.T.);
#1961=CARTESIAN_POINT('',(8.25,9.85,-27.35));
#1962=DIRECTION('',(-0.0,-1.0,-0.0));
#1963=DIRECTION('',(0.0,0.0,-1.0));
#1964=AXIS2_PLACEMENT_3D('',#1961,#1962,#1963);
#1965=PLANE('',#1964);
#1966=ADVANCED_FACE('n° 891',(#1960),#1965,.F.);
#1967=ORIENTED_EDGE('',*,*,#1892,.T.);
#1968=CARTESIAN_POINT('',(3.05,9.85,-27.35));
#1969=DIRECTION('',(0.0,1.0,0.0));
#1970=VECTOR('',#1969,1.0);
#1971=LINE('',#1968,#1970);
#1972=EDGE_CURVE('n° 2309',#1879,#1935,#1971,.T.);
#1973=ORIENTED_EDGE('',*,*,#1972,.T.);
#1974=ORIENTED_EDGE('',*,*,#1942,.T.);
#1975=CARTESIAN_POINT('',(7.25,9.05,-27.35));
#1976=DIRECTION('',(0.0,-1.0,0.0));
#1977=VECTOR('',#1976,1.0);
#1978=LINE('',#1975,#1977);
#1979=EDGE_CURVE('n° 2304',#1937,#1887,#1978,.T.);
#1980=ORIENTED_EDGE('',*,*,#1979,.T.);
#1981=EDGE_LOOP('',(#1967,#1973,#1974,#1980));
#1982=FACE_OUTER_BOUND('',#1981,.T.);
#1983=CARTESIAN_POINT('',(8.25,9.05,-27.35));
#1984=DIRECTION('',(-0.0,-0.0,-1.0));
#1985=DIRECTION('',(-1.0,0.0,0.0));
#1986=AXIS2_PLACEMENT_3D('',#1983,#1984,#1985);
#1987=PLANE('',#1986);
#1988=ADVANCED_FACE('n° 895',(#1982),#1987,.T.);
#1989=CARTESIAN_POINT('',(-2.05,9.05,-26.35));
#1990=VERTEX_POINT('',#1989);
#1991=CARTESIAN_POINT('',(-2.05,9.05,-27.35));
#1992=DIRECTION('',(0.0,0.0,1.0));
#1993=VECTOR('',#1992,1.0);
#1994=LINE('',#1991,#1993);
#1995=EDGE_CURVE('n° 2505',#1990,#1104,#1994,.T.);
#1996=ORIENTED_EDGE('',*,*,#1995,.F.);
#1997=CARTESIAN_POINT('',(-2.05,9.85,-26.35));
#1998=VERTEX_POINT('',#1997);
#1999=CARTESIAN_POINT('',(-2.05,9.85,-26.35));
#2000=DIRECTION('',(0.0,1.0,0.0));
#2001=VECTOR('',#2000,1.0);
#2002=LINE('',#1999,#2001);
#2003=EDGE_CURVE('n° 2520',#1990,#1998,#2002,.T.);
#2004=ORIENTED_EDGE('',*,*,#2003,.T.);
#2005=CARTESIAN_POINT('',(-2.05,9.85,-27.35));
#2006=DIRECTION('',(0.0,0.0,1.0));
#2007=VECTOR('',#2006,1.0);
#2008=LINE('',#2005,#2007);
#2009=EDGE_CURVE('n° 2518',#1998,#1114,#2008,.T.);
#2010=ORIENTED_EDGE('',*,*,#2009,.T.);
#2011=ORIENTED_EDGE('',*,*,#1119,.T.);
#2012=EDGE_LOOP('',(#1996,#2004,#2010,#2011));
#2013=FACE_OUTER_BOUND('',#2012,.T.);
#2014=CARTESIAN_POINT('',(-2.05,9.85,-27.35));
#2015=DIRECTION('',(-1.0,-0.0,-0.0));
#2016=DIRECTION('',(-0.0,0.0,1.0));
#2017=AXIS2_PLACEMENT_3D('',#2014,#2015,#2016);
#2018=PLANE('',#2017);
#2019=ADVANCED_FACE('n° 988',(#2013),#2018,.F.);
#2020=CARTESIAN_POINT('',(-3.05,9.05,-27.35));
#2021=VERTEX_POINT('',#2020);
#2022=CARTESIAN_POINT('',(-7.25,9.05,-27.35));
#2023=VERTEX_POINT('',#2022);
#2024=CARTESIAN_POINT('',(-2.05,9.05,-27.35));
#2025=DIRECTION('',(-1.0,0.0,0.0));
#2026=VECTOR('',#2025,1.0);
#2027=LINE('',#2024,#2026);
#2028=EDGE_CURVE('n° 2480',#2021,#2023,#2027,.T.);
#2029=ORIENTED_EDGE('',*,*,#2028,.F.);
#2030=CARTESIAN_POINT('',(-3.05,9.05,-27.35));
#2031=DIRECTION('',(0.7071067812,0.0,0.7071067812));
#2032=VECTOR('',#2031,1.0);
#2033=LINE('',#2030,#2032);
#2034=EDGE_CURVE('n° 2512',#2021,#1990,#2033,.T.);
#2035=ORIENTED_EDGE('',*,*,#2034,.T.);
#2036=ORIENTED_EDGE('',*,*,#1995,.T.);
#2037=ORIENTED_EDGE('',*,*,#1111,.T.);
#2038=CARTESIAN_POINT('',(-8.25,9.05,-26.35));
#2039=VERTEX_POINT('',#2038);
#2040=CARTESIAN_POINT('',(-8.25,9.05,-27.35));
#2041=DIRECTION('',(0.0,0.0,1.0));
#2042=VECTOR('',#2041,1.0);
#2043=LINE('',#2040,#2042);
#2044=EDGE_CURVE('n° 2502',#2039,#1106,#2043,.T.);
#2045=ORIENTED_EDGE('',*,*,#2044,.F.);
#2046=CARTESIAN_POINT('',(-7.25,9.05,-27.35));
#2047=DIRECTION('',(0.7071067812,0.0,-0.7071067812));
#2048=VECTOR('',#2047,1.0);
#2049=LINE('',#2046,#2048);
#2050=EDGE_CURVE('n° 2507',#2039,#2023,#2049,.T.);
#2051=ORIENTED_EDGE('',*,*,#2050,.T.);
#2052=EDGE_LOOP('',(#2029,#2035,#2036,#2037,#2045,#2051));
#2053=FACE_OUTER_BOUND('',#2052,.T.);
#2054=CARTESIAN_POINT('',(-2.05,9.05,-27.35));
#2055=DIRECTION('',(0.0,1.0,0.0));
#2056=DIRECTION('',(-1.0,0.0,0.0));
#2057=AXIS2_PLACEMENT_3D('',#2054,#2055,#2056);
#2058=PLANE('',#2057);
#2059=ADVANCED_FACE('n° 992',(#2053),#2058,.F.);
#2060=CARTESIAN_POINT('',(-8.25,9.85,-26.35));
#2061=VERTEX_POINT('',#2060);
#2062=CARTESIAN_POINT('',(-8.25,9.85,-27.35));
#2063=DIRECTION('',(0.0,0.0,1.0));
#2064=VECTOR('',#2063,1.0);
#2065=LINE('',#2062,#2064);
#2066=EDGE_CURVE('n° 2526',#2061,#1122,#2065,.T.);
#2067=ORIENTED_EDGE('',*,*,#2066,.F.);
#2068=CARTESIAN_POINT('',(-8.25,9.05,-26.35));
#2069=DIRECTION('',(0.0,-1.0,0.0));
#2070=VECTOR('',#2069,1.0);
#2071=LINE('',#2068,#2070);
#2072=EDGE_CURVE('n° 2538',#2061,#2039,#2071,.T.);
#2073=ORIENTED_EDGE('',*,*,#2072,.T.);
#2074=ORIENTED_EDGE('',*,*,#2044,.T.);
#2075=ORIENTED_EDGE('',*,*,#1133,.T.);
#2076=EDGE_LOOP('',(#2067,#2073,#2074,#2075));
#2077=FACE_OUTER_BOUND('',#2076,.T.);
#2078=CARTESIAN_POINT('',(-8.25,9.85,-27.35));
#2079=DIRECTION('',(1.0,0.0,0.0));
#2080=DIRECTION('',(0.0,0.0,-1.0));
#2081=AXIS2_PLACEMENT_3D('',#2078,#2079,#2080);
#2082=PLANE('',#2081);
#2083=ADVANCED_FACE('n° 996',(#2077),#2082,.F.);
#2084=ORIENTED_EDGE('',*,*,#2009,.F.);
#2085=CARTESIAN_POINT('',(-3.05,9.85,-27.35));
#2086=VERTEX_POINT('',#2085);
#2087=CARTESIAN_POINT('',(-3.05,9.85,-27.35));
#2088=DIRECTION('',(-0.7071067812,0.0,-0.7071067812));
#2089=VECTOR('',#2088,1.0);
#2090=LINE('',#2087,#2089);
#2091=EDGE_CURVE('n° 2533',#1998,#2086,#2090,.T.);
#2092=ORIENTED_EDGE('',*,*,#2091,.T.);
#2093=CARTESIAN_POINT('',(-7.25,9.85,-27.35));
#2094=VERTEX_POINT('',#2093);
#2095=CARTESIAN_POINT('',(-2.05,9.85,-27.35));
#2096=DIRECTION('',(1.0,0.0,0.0));
#2097=VECTOR('',#2096,1.0);
#2098=LINE('',#2095,#2097);
#2099=EDGE_CURVE('n° 2486',#2094,#2086,#2098,.T.);
#2100=ORIENTED_EDGE('',*,*,#2099,.F.);
#2101=CARTESIAN_POINT('',(-7.25,9.85,-27.35));
#2102=DIRECTION('',(-0.7071067812,0.0,0.7071067812));
#2103=VECTOR('',#2102,1.0);
#2104=LINE('',#2101,#2103);
#2105=EDGE_CURVE('n° 2528',#2094,#2061,#2104,.T.);
#2106=ORIENTED_EDGE('',*,*,#2105,.T.);
#2107=ORIENTED_EDGE('',*,*,#2066,.T.);
#2108=ORIENTED_EDGE('',*,*,#1127,.T.);
#2109=EDGE_LOOP('',(#2084,#2092,#2100,#2106,#2107,#2108));
#2110=FACE_OUTER_BOUND('',#2109,.T.);
#2111=CARTESIAN_POINT('',(-2.05,9.85,-27.35));
#2112=DIRECTION('',(0.0,-1.0,0.0));
#2113=DIRECTION('',(1.0,0.0,0.0));
#2114=AXIS2_PLACEMENT_3D('',#2111,#2112,#2113);
#2115=PLANE('',#2114);
#2116=ADVANCED_FACE('n° 1000',(#2110),#2115,.F.);
#2117=ORIENTED_EDGE('',*,*,#2099,.T.);
#2118=CARTESIAN_POINT('',(-3.05,9.05,-27.35));
#2119=DIRECTION('',(0.0,-1.0,0.0));
#2120=VECTOR('',#2119,1.0);
#2121=LINE('',#2118,#2120);
#2122=EDGE_CURVE('n° 2496',#2086,#2021,#2121,.T.);
#2123=ORIENTED_EDGE('',*,*,#2122,.T.);
#2124=ORIENTED_EDGE('',*,*,#2028,.T.);
#2125=CARTESIAN_POINT('',(-7.25,9.85,-27.35));
#2126=DIRECTION('',(0.0,1.0,0.0));
#2127=VECTOR('',#2126,1.0);
#2128=LINE('',#2125,#2127);
#2129=EDGE_CURVE('n° 2491',#2023,#2094,#2128,.T.);
#2130=ORIENTED_EDGE('',*,*,#2129,.T.);
#2131=EDGE_LOOP('',(#2117,#2123,#2124,#2130));
#2132=FACE_OUTER_BOUND('',#2131,.T.);
#2133=CARTESIAN_POINT('',(-2.05,9.85,-27.35));
#2134=DIRECTION('',(0.0,-0.0,-1.0));
#2135=DIRECTION('',(-1.0,0.0,-0.0));
#2136=AXIS2_PLACEMENT_3D('',#2133,#2134,#2135);
#2137=PLANE('',#2136);
#2138=ADVANCED_FACE('n° 1004',(#2132),#2137,.T.);
#2139=CARTESIAN_POINT('',(-2.05,-0.15,-26.35));
#2140=VERTEX_POINT('',#2139);
#2141=CARTESIAN_POINT('',(-2.05,-0.15,-27.35));
#2142=DIRECTION('',(0.0,0.0,1.0));
#2143=VECTOR('',#2142,1.0);
#2144=LINE('',#2141,#2143);
#2145=EDGE_CURVE('n° 2446',#2140,#1138,#2144,.T.);
#2146=ORIENTED_EDGE('',*,*,#2145,.F.);
#2147=CARTESIAN_POINT('',(-2.05,0.65,-26.35));
#2148=VERTEX_POINT('',#2147);
#2149=CARTESIAN_POINT('',(-2.05,0.65,-26.35));
#2150=DIRECTION('',(0.0,1.0,0.0));
#2151=VECTOR('',#2150,1.0);
#2152=LINE('',#2149,#2151);
#2153=EDGE_CURVE('n° 2461',#2140,#2148,#2152,.T.);
#2154=ORIENTED_EDGE('',*,*,#2153,.T.);
#2155=CARTESIAN_POINT('',(-2.05,0.65,-27.35));
#2156=DIRECTION('',(0.0,0.0,1.0));
#2157=VECTOR('',#2156,1.0);
#2158=LINE('',#2155,#2157);
#2159=EDGE_CURVE('n° 2459',#2148,#1148,#2158,.T.);
#2160=ORIENTED_EDGE('',*,*,#2159,.T.);
#2161=ORIENTED_EDGE('',*,*,#1153,.T.);
#2162=EDGE_LOOP('',(#2146,#2154,#2160,#2161));
#2163=FACE_OUTER_BOUND('',#2162,.T.);
#2164=CARTESIAN_POINT('',(-2.05,0.65,-27.35));
#2165=DIRECTION('',(-1.0,0.0,0.0));
#2166=DIRECTION('',(-0.0,-1.0,0.0));
#2167=AXIS2_PLACEMENT_3D('',#2164,#2165,#2166);
#2168=PLANE('',#2167);
#2169=ADVANCED_FACE('n° 1097',(#2163),#2168,.F.);
#2170=CARTESIAN_POINT('',(-3.05,-0.15,-27.35));
#2171=VERTEX_POINT('',#2170);
#2172=CARTESIAN_POINT('',(-7.25,-0.15,-27.35));
#2173=VERTEX_POINT('',#2172);
#2174=CARTESIAN_POINT('',(-2.05,-0.15,-27.35));
#2175=DIRECTION('',(-1.0,-0.0,0.0));
#2176=VECTOR('',#2175,1.0);
#2177=LINE('',#2174,#2176);
#2178=EDGE_CURVE('n° 2421',#2171,#2173,#2177,.T.);
#2179=ORIENTED_EDGE('',*,*,#2178,.F.);
#2180=CARTESIAN_POINT('',(-3.05,-0.15,-27.35));
#2181=DIRECTION('',(0.7071067812,0.0,0.7071067812));
#2182=VECTOR('',#2181,1.0);
#2183=LINE('',#2180,#2182);
#2184=EDGE_CURVE('n° 2453',#2171,#2140,#2183,.T.);
#2185=ORIENTED_EDGE('',*,*,#2184,.T.);
#2186=ORIENTED_EDGE('',*,*,#2145,.T.);
#2187=ORIENTED_EDGE('',*,*,#1145,.T.);
#2188=CARTESIAN_POINT('',(-8.25,-0.15,-26.35));
#2189=VERTEX_POINT('',#2188);
#2190=CARTESIAN_POINT('',(-8.25,-0.15,-27.35));
#2191=DIRECTION('',(0.0,0.0,1.0));
#2192=VECTOR('',#2191,1.0);
#2193=LINE('',#2190,#2192);
#2194=EDGE_CURVE('n° 2443',#2189,#1140,#2193,.T.);
#2195=ORIENTED_EDGE('',*,*,#2194,.F.);
#2196=CARTESIAN_POINT('',(-7.25,-0.15,-27.35));
#2197=DIRECTION('',(0.7071067812,0.0,-0.7071067812));
#2198=VECTOR('',#2197,1.0);
#2199=LINE('',#2196,#2198);
#2200=EDGE_CURVE('n° 2448',#2189,#2173,#2199,.T.);
#2201=ORIENTED_EDGE('',*,*,#2200,.T.);
#2202=EDGE_LOOP('',(#2179,#2185,#2186,#2187,#2195,#2201));
#2203=FACE_OUTER_BOUND('',#2202,.T.);
#2204=CARTESIAN_POINT('',(-2.05,-0.15,-27.35));
#2205=DIRECTION('',(-0.0,1.0,0.0));
#2206=DIRECTION('',(-1.0,-0.0,0.0));
#2207=AXIS2_PLACEMENT_3D('',#2204,#2205,#2206);
#2208=PLANE('',#2207);
#2209=ADVANCED_FACE('n° 1101',(#2203),#2208,.F.);
#2210=CARTESIAN_POINT('',(-8.25,0.65,-26.35));
#2211=VERTEX_POINT('',#2210);
#2212=CARTESIAN_POINT('',(-8.25,0.65,-27.35));
#2213=DIRECTION('',(0.0,0.0,1.0));
#2214=VECTOR('',#2213,1.0);
#2215=LINE('',#2212,#2214);
#2216=EDGE_CURVE('n° 2467',#2211,#1156,#2215,.T.);
#2217=ORIENTED_EDGE('',*,*,#2216,.F.);
#2218=CARTESIAN_POINT('',(-8.25,-0.15,-26.35));
#2219=DIRECTION('',(0.0,-1.0,0.0));
#2220=VECTOR('',#2219,1.0);
#2221=LINE('',#2218,#2220);
#2222=EDGE_CURVE('n° 2543',#2211,#2189,#2221,.T.);
#2223=ORIENTED_EDGE('',*,*,#2222,.T.);
#2224=ORIENTED_EDGE('',*,*,#2194,.T.);
#2225=ORIENTED_EDGE('',*,*,#1167,.T.);
#2226=EDGE_LOOP('',(#2217,#2223,#2224,#2225));
#2227=FACE_OUTER_BOUND('',#2226,.T.);
#2228=CARTESIAN_POINT('',(-8.25,0.65,-27.35));
#2229=DIRECTION('',(1.0,0.0,0.0));
#2230=DIRECTION('',(0.0,0.0,-1.0));
#2231=AXIS2_PLACEMENT_3D('',#2228,#2229,#2230);
#2232=PLANE('',#2231);
#2233=ADVANCED_FACE('n° 1105',(#2227),#2232,.F.);
#2234=ORIENTED_EDGE('',*,*,#2159,.F.);
#2235=CARTESIAN_POINT('',(-3.05,0.65,-27.35));
#2236=VERTEX_POINT('',#2235);
#2237=CARTESIAN_POINT('',(-3.05,0.65,-27.35));
#2238=DIRECTION('',(-0.7071067812,0.0,-0.7071067812));
#2239=VECTOR('',#2238,1.0);
#2240=LINE('',#2237,#2239);
#2241=EDGE_CURVE('n° 2474',#2148,#2236,#2240,.T.);
#2242=ORIENTED_EDGE('',*,*,#2241,.T.);
#2243=CARTESIAN_POINT('',(-7.25,0.65,-27.35));
#2244=VERTEX_POINT('',#2243);
#2245=CARTESIAN_POINT('',(-2.05,0.65,-27.35));
#2246=DIRECTION('',(1.0,0.0,0.0));
#2247=VECTOR('',#2246,1.0);
#2248=LINE('',#2245,#2247);
#2249=EDGE_CURVE('n° 2427',#2244,#2236,#2248,.T.);
#2250=ORIENTED_EDGE('',*,*,#2249,.F.);
#2251=CARTESIAN_POINT('',(-7.25,0.65,-27.35));
#2252=DIRECTION('',(-0.7071067812,0.0,0.7071067812));
#2253=VECTOR('',#2252,1.0);
#2254=LINE('',#2251,#2253);
#2255=EDGE_CURVE('n° 2469',#2244,#2211,#2254,.T.);
#2256=ORIENTED_EDGE('',*,*,#2255,.T.);
#2257=ORIENTED_EDGE('',*,*,#2216,.T.);
#2258=ORIENTED_EDGE('',*,*,#1161,.T.);
#2259=EDGE_LOOP('',(#2234,#2242,#2250,#2256,#2257,#2258));
#2260=FACE_OUTER_BOUND('',#2259,.T.);
#2261=CARTESIAN_POINT('',(-2.05,0.65,-27.35));
#2262=DIRECTION('',(-0.0,-1.0,-0.0));
#2263=DIRECTION('',(0.0,0.0,-1.0));
#2264=AXIS2_PLACEMENT_3D('',#2261,#2262,#2263);
#2265=PLANE('',#2264);
#2266=ADVANCED_FACE('n° 1109',(#2260),#2265,.F.);
#2267=ORIENTED_EDGE('',*,*,#2249,.T.);
#2268=CARTESIAN_POINT('',(-3.05,-0.15,-27.35));
#2269=DIRECTION('',(-0.0,-1.0,0.0));
#2270=VECTOR('',#2269,1.0);
#2271=LINE('',#2268,#2270);
#2272=EDGE_CURVE('n° 2437',#2236,#2171,#2271,.T.);
#2273=ORIENTED_EDGE('',*,*,#2272,.T.);
#2274=ORIENTED_EDGE('',*,*,#2178,.T.);
#2275=CARTESIAN_POINT('',(-7.25,0.65,-27.35));
#2276=DIRECTION('',(0.0,1.0,0.0));
#2277=VECTOR('',#2276,1.0);
#2278=LINE('',#2275,#2277);
#2279=EDGE_CURVE('n° 2432',#2173,#2244,#2278,.T.);
#2280=ORIENTED_EDGE('',*,*,#2279,.T.);
#2281=EDGE_LOOP('',(#2267,#2273,#2274,#2280));
#2282=FACE_OUTER_BOUND('',#2281,.T.);
#2283=CARTESIAN_POINT('',(-2.05,0.65,-27.35));
#2284=DIRECTION('',(-0.0,0.0,-1.0));
#2285=DIRECTION('',(-1.0,0.0,0.0));
#2286=AXIS2_PLACEMENT_3D('',#2283,#2284,#2285);
#2287=PLANE('',#2286);
#2288=ADVANCED_FACE('n° 1113',(#2282),#2287,.T.);
#2289=CARTESIAN_POINT('',(8.25,-0.15,-26.35));
#2290=VERTEX_POINT('',#2289);
#2291=CARTESIAN_POINT('',(8.25,-0.15,-27.35));
#2292=DIRECTION('',(0.0,0.0,1.0));
#2293=VECTOR('',#2292,1.0);
#2294=LINE('',#2291,#2293);
#2295=EDGE_CURVE('n° 2403',#2290,#1172,#2294,.T.);
#2296=ORIENTED_EDGE('',*,*,#2295,.F.);
#2297=CARTESIAN_POINT('',(8.25,0.65,-26.35));
#2298=VERTEX_POINT('',#2297);
#2299=CARTESIAN_POINT('',(8.25,0.65,-26.35));
#2300=DIRECTION('',(0.0,1.0,0.0));
#2301=VECTOR('',#2300,1.0);
#2302=LINE('',#2299,#2301);
#2303=EDGE_CURVE('n° 2415',#2290,#2298,#2302,.T.);
#2304=ORIENTED_EDGE('',*,*,#2303,.T.);
#2305=CARTESIAN_POINT('',(8.25,0.65,-27.35));
#2306=DIRECTION('',(0.0,0.0,1.0));
#2307=VECTOR('',#2306,1.0);
#2308=LINE('',#2305,#2307);
#2309=EDGE_CURVE('n° 2379',#2298,#1182,#2308,.T.);
#2310=ORIENTED_EDGE('',*,*,#2309,.T.);
#2311=ORIENTED_EDGE('',*,*,#1187,.T.);
#2312=EDGE_LOOP('',(#2296,#2304,#2310,#2311));
#2313=FACE_OUTER_BOUND('',#2312,.T.);
#2314=CARTESIAN_POINT('',(8.25,0.65,-27.35));
#2315=DIRECTION('',(-1.0,0.0,0.0));
#2316=DIRECTION('',(-0.0,-1.0,0.0));
#2317=AXIS2_PLACEMENT_3D('',#2314,#2315,#2316);
#2318=PLANE('',#2317);
#2319=ADVANCED_FACE('n° 1206',(#2313),#2318,.F.);
#2320=CARTESIAN_POINT('',(2.05,-0.15,-26.35));
#2321=VERTEX_POINT('',#2320);
#2322=CARTESIAN_POINT('',(2.05,-0.15,-27.35));
#2323=DIRECTION('',(0.0,0.0,1.0));
#2324=VECTOR('',#2323,1.0);
#2325=LINE('',#2322,#2324);
#2326=EDGE_CURVE('n° 2395',#2321,#1174,#2325,.T.);
#2327=ORIENTED_EDGE('',*,*,#2326,.F.);
#2328=CARTESIAN_POINT('',(3.05,-0.15,-27.35));
#2329=VERTEX_POINT('',#2328);
#2330=CARTESIAN_POINT('',(3.05,-0.15,-27.35));
#2331=DIRECTION('',(0.7071067812,0.0,-0.7071067812));
#2332=VECTOR('',#2331,1.0);
#2333=LINE('',#2330,#2332);
#2334=EDGE_CURVE('n° 2410',#2321,#2329,#2333,.T.);
#2335=ORIENTED_EDGE('',*,*,#2334,.T.);
#2336=CARTESIAN_POINT('',(7.25,-0.15,-27.35));
#2337=VERTEX_POINT('',#2336);
#2338=CARTESIAN_POINT('',(8.25,-0.15,-27.35));
#2339=DIRECTION('',(-1.0,0.0,0.0));
#2340=VECTOR('',#2339,1.0);
#2341=LINE('',#2338,#2340);
#2342=EDGE_CURVE('n° 2357',#2337,#2329,#2341,.T.);
#2343=ORIENTED_EDGE('',*,*,#2342,.F.);
#2344=CARTESIAN_POINT('',(7.25,-0.15,-27.35));
#2345=DIRECTION('',(0.7071067812,0.0,0.7071067812));
#2346=VECTOR('',#2345,1.0);
#2347=LINE('',#2344,#2346);
#2348=EDGE_CURVE('n° 2405',#2337,#2290,#2347,.T.);
#2349=ORIENTED_EDGE('',*,*,#2348,.T.);
#2350=ORIENTED_EDGE('',*,*,#2295,.T.);
#2351=ORIENTED_EDGE('',*,*,#1179,.T.);
#2352=EDGE_LOOP('',(#2327,#2335,#2343,#2349,#2350,#2351));
#2353=FACE_OUTER_BOUND('',#2352,.T.);
#2354=CARTESIAN_POINT('',(8.25,-0.15,-27.35));
#2355=DIRECTION('',(0.0,1.0,0.0));
#2356=DIRECTION('',(0.0,-0.0,1.0));
#2357=AXIS2_PLACEMENT_3D('',#2354,#2355,#2356);
#2358=PLANE('',#2357);
#2359=ADVANCED_FACE('n° 1210',(#2353),#2358,.F.);
#2360=CARTESIAN_POINT('',(2.05,0.65,-26.35));
#2361=VERTEX_POINT('',#2360);
#2362=CARTESIAN_POINT('',(2.05,0.65,-27.35));
#2363=DIRECTION('',(0.0,0.0,1.0));
#2364=VECTOR('',#2363,1.0);
#2365=LINE('',#2362,#2364);
#2366=EDGE_CURVE('n° 2382',#2361,#1190,#2365,.T.);
#2367=ORIENTED_EDGE('',*,*,#2366,.F.);
#2368=CARTESIAN_POINT('',(2.05,-0.15,-26.35));
#2369=DIRECTION('',(0.0,-1.0,0.0));
#2370=VECTOR('',#2369,1.0);
#2371=LINE('',#2368,#2370);
#2372=EDGE_CURVE('n° 2397',#2361,#2321,#2371,.T.);
#2373=ORIENTED_EDGE('',*,*,#2372,.T.);
#2374=ORIENTED_EDGE('',*,*,#2326,.T.);
#2375=ORIENTED_EDGE('',*,*,#1201,.T.);
#2376=EDGE_LOOP('',(#2367,#2373,#2374,#2375));
#2377=FACE_OUTER_BOUND('',#2376,.T.);
#2378=CARTESIAN_POINT('',(2.05,0.65,-27.35));
#2379=DIRECTION('',(1.0,0.0,0.0));
#2380=DIRECTION('',(0.0,0.0,-1.0));
#2381=AXIS2_PLACEMENT_3D('',#2378,#2379,#2380);
#2382=PLANE('',#2381);
#2383=ADVANCED_FACE('n° 1214',(#2377),#2382,.F.);
#2384=CARTESIAN_POINT('',(3.05,0.65,-27.35));
#2385=VERTEX_POINT('',#2384);
#2386=CARTESIAN_POINT('',(7.25,0.65,-27.35));
#2387=VERTEX_POINT('',#2386);
#2388=CARTESIAN_POINT('',(8.25,0.65,-27.35));
#2389=DIRECTION('',(1.0,0.0,0.0));
#2390=VECTOR('',#2389,1.0);
#2391=LINE('',#2388,#2390);
#2392=EDGE_CURVE('n° 2363',#2385,#2387,#2391,.T.);
#2393=ORIENTED_EDGE('',*,*,#2392,.F.);
#2394=CARTESIAN_POINT('',(3.05,0.65,-27.35));
#2395=DIRECTION('',(-0.7071067812,-0.0,0.7071067812));
#2396=VECTOR('',#2395,1.0);
#2397=LINE('',#2394,#2396);
#2398=EDGE_CURVE('n° 2389',#2385,#2361,#2397,.T.);
#2399=ORIENTED_EDGE('',*,*,#2398,.T.);
#2400=ORIENTED_EDGE('',*,*,#2366,.T.);
#2401=ORIENTED_EDGE('',*,*,#1195,.T.);
#2402=ORIENTED_EDGE('',*,*,#2309,.F.);
#2403=CARTESIAN_POINT('',(7.25,0.65,-27.35));
#2404=DIRECTION('',(-0.7071067812,-0.0,-0.7071067812));
#2405=VECTOR('',#2404,1.0);
#2406=LINE('',#2403,#2405);
#2407=EDGE_CURVE('n° 2384',#2298,#2387,#2406,.T.);
#2408=ORIENTED_EDGE('',*,*,#2407,.T.);
#2409=EDGE_LOOP('',(#2393,#2399,#2400,#2401,#2402,#2408));
#2410=FACE_OUTER_BOUND('',#2409,.T.);
#2411=CARTESIAN_POINT('',(8.25,0.65,-27.35));
#2412=DIRECTION('',(0.0,-1.0,0.0));
#2413=DIRECTION('',(1.0,0.0,0.0));
#2414=AXIS2_PLACEMENT_3D('',#2411,#2412,#2413);
#2415=PLANE('',#2414);
#2416=ADVANCED_FACE('n° 1218',(#2410),#2415,.F.);
#2417=ORIENTED_EDGE('',*,*,#2342,.T.);
#2418=CARTESIAN_POINT('',(3.05,0.65,-27.35));
#2419=DIRECTION('',(0.0,1.0,0.0));
#2420=VECTOR('',#2419,1.0);
#2421=LINE('',#2418,#2420);
#2422=EDGE_CURVE('n° 2373',#2329,#2385,#2421,.T.);
#2423=ORIENTED_EDGE('',*,*,#2422,.T.);
#2424=ORIENTED_EDGE('',*,*,#2392,.T.);
#2425=CARTESIAN_POINT('',(7.25,-0.15,-27.35));
#2426=DIRECTION('',(-0.0,-1.0,0.0));
#2427=VECTOR('',#2426,1.0);
#2428=LINE('',#2425,#2427);
#2429=EDGE_CURVE('n° 2368',#2387,#2337,#2428,.T.);
#2430=ORIENTED_EDGE('',*,*,#2429,.T.);
#2431=EDGE_LOOP('',(#2417,#2423,#2424,#2430));
#2432=FACE_OUTER_BOUND('',#2431,.T.);
#2433=CARTESIAN_POINT('',(8.25,-0.15,-27.35));
#2434=DIRECTION('',(-0.0,0.0,-1.0));
#2435=DIRECTION('',(-1.0,0.0,0.0));
#2436=AXIS2_PLACEMENT_3D('',#2433,#2434,#2435);
#2437=PLANE('',#2436);
#2438=ADVANCED_FACE('n° 1222',(#2432),#2437,.T.);
#2439=CARTESIAN_POINT('',(-9.55,10.0040180111,1.0));
#2440=VERTEX_POINT('',#2439);
#2441=CARTESIAN_POINT('',(-9.55,-7.9800941377,1.0));
#2442=VERTEX_POINT('',#2441);
#2443=CARTESIAN_POINT('',(-9.55,13.0040180111,1.0));
#2444=DIRECTION('',(0.0,-1.0,0.0));
#2445=VECTOR('',#2444,1.0);
#2446=LINE('',#2443,#2445);
#2447=EDGE_CURVE('n° 2081',#2440,#2442,#2446,.T.);
#2448=ORIENTED_EDGE('',*,*,#2447,.F.);
#2449=CARTESIAN_POINT('',(-9.55,10.0040180111,2.0));
#2450=DIRECTION('',(0.0,0.0,1.0));
#2451=VECTOR('',#2450,1.0);
#2452=LINE('',#2449,#2451);
#2453=EDGE_CURVE('n° 2139',#2440,#1632,#2452,.T.);
#2454=ORIENTED_EDGE('',*,*,#2453,.T.);
#2455=ORIENTED_EDGE('',*,*,#1639,.T.);
#2456=CARTESIAN_POINT('',(-9.55,-7.9800941377,1.0));
#2457=DIRECTION('',(0.0,0.0,-1.0));
#2458=VECTOR('',#2457,1.0);
#2459=LINE('',#2456,#2458);
#2460=EDGE_CURVE('n° 2134',#1634,#2442,#2459,.T.);
#2461=ORIENTED_EDGE('',*,*,#2460,.T.);
#2462=EDGE_LOOP('',(#2448,#2454,#2455,#2461));
#2463=FACE_OUTER_BOUND('',#2462,.T.);
#2464=CARTESIAN_POINT('',(-9.55,13.0040180111,1.0));
#2465=DIRECTION('',(-1.0,-0.0,-0.0));
#2466=DIRECTION('',(-0.0,0.0,1.0));
#2467=AXIS2_PLACEMENT_3D('',#2464,#2465,#2466);
#2468=PLANE('',#2467);
#2469=ADVANCED_FACE('n° 1595',(#2463),#2468,.F.);
#2470=CARTESIAN_POINT('',(6.55,13.0040180111,1.0));
#2471=VERTEX_POINT('',#2470);
#2472=CARTESIAN_POINT('',(-6.55,13.0040180111,1.0));
#2473=VERTEX_POINT('',#2472);
#2474=CARTESIAN_POINT('',(9.55,13.0040180111,1.0));
#2475=DIRECTION('',(-1.0,0.0,0.0));
#2476=VECTOR('',#2475,1.0);
#2477=LINE('',#2474,#2476);
#2478=EDGE_CURVE('n° 2087',#2471,#2473,#2477,.T.);
#2479=ORIENTED_EDGE('',*,*,#2478,.F.);
#2480=CARTESIAN_POINT('',(6.55,13.0040180111,2.0));
#2481=DIRECTION('',(0.0,0.0,1.0));
#2482=VECTOR('',#2481,1.0);
#2483=LINE('',#2480,#2482);
#2484=EDGE_CURVE('n° 2123',#2471,#1651,#2483,.T.);
#2485=ORIENTED_EDGE('',*,*,#2484,.T.);
#2486=ORIENTED_EDGE('',*,*,#1656,.T.);
#2487=CARTESIAN_POINT('',(-6.55,13.0040180111,1.0));
#2488=DIRECTION('',(0.0,0.0,-1.0));
#2489=VECTOR('',#2488,1.0);
#2490=LINE('',#2487,#2489);
#2491=EDGE_CURVE('n° 2118',#1642,#2473,#2490,.T.);
#2492=ORIENTED_EDGE('',*,*,#2491,.T.);
#2493=EDGE_LOOP('',(#2479,#2485,#2486,#2492));
#2494=FACE_OUTER_BOUND('',#2493,.T.);
#2495=CARTESIAN_POINT('',(9.55,13.0040180111,1.0));
#2496=DIRECTION('',(0.0,1.0,0.0));
#2497=DIRECTION('',(0.0,-0.0,1.0));
#2498=AXIS2_PLACEMENT_3D('',#2495,#2496,#2497);
#2499=PLANE('',#2498);
#2500=ADVANCED_FACE('n° 1599',(#2494),#2499,.F.);
#2501=CARTESIAN_POINT('',(9.55,-7.9800941377,1.0));
#2502=VERTEX_POINT('',#2501);
#2503=CARTESIAN_POINT('',(9.55,10.0040180111,1.0));
#2504=VERTEX_POINT('',#2503);
#2505=CARTESIAN_POINT('',(9.55,-10.9800941377,1.0));
#2506=DIRECTION('',(0.0,1.0,0.0));
#2507=VECTOR('',#2506,1.0);
#2508=LINE('',#2505,#2507);
#2509=EDGE_CURVE('n° 2043',#2502,#2504,#2508,.T.);
#2510=ORIENTED_EDGE('',*,*,#2509,.F.);
#2511=CARTESIAN_POINT('',(9.55,-7.9800941377,2.0));
#2512=DIRECTION('',(0.0,0.0,1.0));
#2513=VECTOR('',#2512,1.0);
#2514=LINE('',#2511,#2513);
#2515=EDGE_CURVE('n° 2053',#2502,#1668,#2514,.T.);
#2516=ORIENTED_EDGE('',*,*,#2515,.T.);
#2517=ORIENTED_EDGE('',*,*,#1673,.T.);
#2518=CARTESIAN_POINT('',(9.55,10.0040180111,1.0));
#2519=DIRECTION('',(0.0,0.0,-1.0));
#2520=VECTOR('',#2519,1.0);
#2521=LINE('',#2518,#2520);
#2522=EDGE_CURVE('n° 2048',#1659,#2504,#2521,.T.);
#2523=ORIENTED_EDGE('',*,*,#2522,.T.);
#2524=EDGE_LOOP('',(#2510,#2516,#2517,#2523));
#2525=FACE_OUTER_BOUND('',#2524,.T.);
#2526=CARTESIAN_POINT('',(9.55,-10.9800941377,1.0));
#2527=DIRECTION('',(1.0,-0.0,0.0));
#2528=DIRECTION('',(0.0,0.0,-1.0));
#2529=AXIS2_PLACEMENT_3D('',#2526,#2527,#2528);
#2530=PLANE('',#2529);
#2531=ADVANCED_FACE('n° 1603',(#2525),#2530,.F.);
#2532=ORIENTED_EDGE('',*,*,#1690,.T.);
#2533=CARTESIAN_POINT('',(6.55,-10.9800941377,1.0));
#2534=VERTEX_POINT('',#2533);
#2535=CARTESIAN_POINT('',(6.55,-10.9800941377,1.0));
#2536=DIRECTION('',(0.0,0.0,-1.0));
#2537=VECTOR('',#2536,1.0);
#2538=LINE('',#2535,#2537);
#2539=EDGE_CURVE('n° 2075',#1676,#2534,#2538,.T.);
#2540=ORIENTED_EDGE('',*,*,#2539,.T.);
#2541=CARTESIAN_POINT('',(-6.55,-10.9800941377,1.0));
#2542=VERTEX_POINT('',#2541);
#2543=CARTESIAN_POINT('',(-9.55,-10.9800941377,1.0));
#2544=DIRECTION('',(1.0,0.0,0.0));
#2545=VECTOR('',#2544,1.0);
#2546=LINE('',#2543,#2545);
#2547=EDGE_CURVE('n° 2065',#2542,#2534,#2546,.T.);
#2548=ORIENTED_EDGE('',*,*,#2547,.F.);
#2549=CARTESIAN_POINT('',(-6.55,-10.9800941377,2.0));
#2550=DIRECTION('',(0.0,0.0,1.0));
#2551=VECTOR('',#2550,1.0);
#2552=LINE('',#2549,#2551);
#2553=EDGE_CURVE('n° 2070',#2542,#1685,#2552,.T.);
#2554=ORIENTED_EDGE('',*,*,#2553,.T.);
#2555=EDGE_LOOP('',(#2532,#2540,#2548,#2554));
#2556=FACE_OUTER_BOUND('',#2555,.T.);
#2557=CARTESIAN_POINT('',(-9.55,-10.9800941377,1.0));
#2558=DIRECTION('',(0.0,-1.0,0.0));
#2559=DIRECTION('',(0.0,-0.0,-1.0));
#2560=AXIS2_PLACEMENT_3D('',#2557,#2558,#2559);
#2561=PLANE('',#2560);
#2562=ADVANCED_FACE('n° 1607',(#2556),#2561,.F.);
#2563=CARTESIAN_POINT('',(9.35,-7.7800941377,1.0));
#2564=VERTEX_POINT('',#2563);
#2565=CARTESIAN_POINT('',(9.35,9.9556610302,1.0));
#2566=VERTEX_POINT('',#2565);
#2567=CARTESIAN_POINT('',(9.35,-10.7800941377,1.0));
#2568=DIRECTION('',(0.0,1.0,0.0));
#2569=VECTOR('',#2568,1.0);
#2570=LINE('',#2567,#2569);
#2571=EDGE_CURVE('n° 1827',#2564,#2566,#2570,.T.);
#2572=ORIENTED_EDGE('',*,*,#2571,.F.);
#2573=CARTESIAN_POINT('',(6.35,-10.7800941377,1.0));
#2574=VERTEX_POINT('',#2573);
#2575=CARTESIAN_POINT('',(6.35,-7.7800941377,1.0));
#2576=DIRECTION('',(0.0,-0.0,-1.0));
#2577=DIRECTION('',(1.0,0.0,0.0));
#2578=AXIS2_PLACEMENT_3D('',#2575,#2576,#2577);
#2579=CIRCLE('',#2578,3.0);
#2580=EDGE_CURVE('n° 1880',#2564,#2574,#2579,.T.);
#2581=ORIENTED_EDGE('',*,*,#2580,.T.);
#2582=CARTESIAN_POINT('',(-6.35,-10.7800941377,1.0));
#2583=VERTEX_POINT('',#2582);
#2584=CARTESIAN_POINT('',(-9.35,-10.7800941377,1.0));
#2585=DIRECTION('',(1.0,0.0,0.0));
#2586=VECTOR('',#2585,1.0);
#2587=LINE('',#2584,#2586);
#2588=EDGE_CURVE('n° 1811',#2583,#2574,#2587,.T.);
#2589=ORIENTED_EDGE('',*,*,#2588,.F.);
#2590=CARTESIAN_POINT('',(-9.35,-7.7800941377,1.0));
#2591=VERTEX_POINT('',#2590);
#2592=CARTESIAN_POINT('',(-6.35,-7.7800941377,1.0));
#2593=DIRECTION('',(0.0,-0.0,-1.0));
#2594=DIRECTION('',(1.0,0.0,0.0));
#2595=AXIS2_PLACEMENT_3D('',#2592,#2593,#2594);
#2596=CIRCLE('',#2595,3.0);
#2597=EDGE_CURVE('n° 1876',#2583,#2591,#2596,.T.);
#2598=ORIENTED_EDGE('',*,*,#2597,.T.);
#2599=CARTESIAN_POINT('',(-9.35,9.9556610302,1.0));
#2600=VERTEX_POINT('',#2599);
#2601=CARTESIAN_POINT('',(-9.35,12.8040180111,1.0));
#2602=DIRECTION('',(0.0,-1.0,0.0));
#2603=VECTOR('',#2602,1.0);
#2604=LINE('',#2601,#2603);
#2605=EDGE_CURVE('n° 1749',#2600,#2591,#2604,.T.);
#2606=ORIENTED_EDGE('',*,*,#2605,.F.);
#2607=CARTESIAN_POINT('',(-7.4876208226,12.8040180111,1.0));
#2608=VERTEX_POINT('',#2607);
#2609=CARTESIAN_POINT('',(-6.35,9.9556610302,1.0));
#2610=DIRECTION('',(0.0,-0.0,-1.0));
#2611=DIRECTION('',(0.0,-1.0,0.0));
#2612=AXIS2_PLACEMENT_3D('',#2609,#2610,#2611);
#2613=ELLIPSE('',#2612,3.0782669151,3.0);
#2614=EDGE_CURVE('n° 1888',#2600,#2608,#2613,.T.);
#2615=ORIENTED_EDGE('',*,*,#2614,.T.);
#2616=CARTESIAN_POINT('',(7.4876208226,12.8040180111,1.0));
#2617=VERTEX_POINT('',#2616);
#2618=CARTESIAN_POINT('',(9.35,12.8040180111,1.0));
#2619=DIRECTION('',(-1.0,0.0,0.0));
#2620=VECTOR('',#2619,1.0);
#2621=LINE('',#2618,#2620);
#2622=EDGE_CURVE('n° 1861',#2617,#2608,#2621,.T.);
#2623=ORIENTED_EDGE('',*,*,#2622,.F.);
#2624=CARTESIAN_POINT('',(6.35,9.9556610302,1.0));
#2625=DIRECTION('',(0.0,-0.0,-1.0));
#2626=DIRECTION('',(0.0,1.0,0.0));
#2627=AXIS2_PLACEMENT_3D('',#2624,#2625,#2626);
#2628=ELLIPSE('',#2627,3.0782669151,3.0);
#2629=EDGE_CURVE('n° 1884',#2617,#2566,#2628,.T.);
#2630=ORIENTED_EDGE('',*,*,#2629,.T.);
#2631=EDGE_LOOP('',(#2572,#2581,#2589,#2598,#2606,#2615,#2623,#2630));
#2632=FACE_OUTER_BOUND('',#2631,.T.);
#2633=ORIENTED_EDGE('',*,*,#2547,.T.);
#2634=CARTESIAN_POINT('',(6.55,-7.9800941377,1.0));
#2635=DIRECTION('',(-0.0,0.0,1.0));
#2636=DIRECTION('',(1.0,0.0,0.0));
#2637=AXIS2_PLACEMENT_3D('',#2634,#2635,#2636);
#2638=CIRCLE('',#2637,3.0);
#2639=EDGE_CURVE('n° 2107',#2534,#2502,#2638,.T.);
#2640=ORIENTED_EDGE('',*,*,#2639,.T.);
#2641=ORIENTED_EDGE('',*,*,#2509,.T.);
#2642=CARTESIAN_POINT('',(6.55,10.0040180111,1.0));
#2643=DIRECTION('',(-0.0,0.0,1.0));
#2644=DIRECTION('',(1.0,0.0,0.0));
#2645=AXIS2_PLACEMENT_3D('',#2642,#2643,#2644);
#2646=CIRCLE('',#2645,3.0);
#2647=EDGE_CURVE('n° 2102',#2504,#2471,#2646,.T.);
#2648=ORIENTED_EDGE('',*,*,#2647,.T.);
#2649=ORIENTED_EDGE('',*,*,#2478,.T.);
#2650=CARTESIAN_POINT('',(-6.55,10.0040180111,1.0));
#2651=DIRECTION('',(-0.0,0.0,1.0));
#2652=DIRECTION('',(1.0,0.0,0.0));
#2653=AXIS2_PLACEMENT_3D('',#2650,#2651,#2652);
#2654=CIRCLE('',#2653,3.0);
#2655=EDGE_CURVE('n° 2097',#2473,#2440,#2654,.T.);
#2656=ORIENTED_EDGE('',*,*,#2655,.T.);
#2657=ORIENTED_EDGE('',*,*,#2447,.T.);
#2658=CARTESIAN_POINT('',(-6.55,-7.9800941377,1.0));
#2659=DIRECTION('',(-0.0,0.0,1.0));
#2660=DIRECTION('',(1.0,0.0,0.0));
#2661=AXIS2_PLACEMENT_3D('',#2658,#2659,#2660);
#2662=CIRCLE('',#2661,3.0);
#2663=EDGE_CURVE('n° 2092',#2442,#2542,#2662,.T.);
#2664=ORIENTED_EDGE('',*,*,#2663,.T.);
#2665=EDGE_LOOP('',(#2633,#2640,#2641,#2648,#2649,#2656,#2657,#2664));
#2666=FACE_BOUND('',#2665,.T.);
#2667=CARTESIAN_POINT('',(-9.55,-10.9800941377,1.0));
#2668=DIRECTION('',(-0.0,0.0,1.0));
#2669=DIRECTION('',(1.0,0.0,0.0));
#2670=AXIS2_PLACEMENT_3D('',#2667,#2668,#2669);
#2671=PLANE('',#2670);
#2672=ADVANCED_FACE('n° 1611',(#2632,#2666),#2671,.T.);
#2673=CARTESIAN_POINT('',(-6.35,12.8040180111,2.0));
#2674=VERTEX_POINT('',#2673);
#2675=CARTESIAN_POINT('',(6.35,12.8040180111,2.0));
#2676=VERTEX_POINT('',#2675);
#2677=CARTESIAN_POINT('',(11.6,12.8040180111,2.0));
#2678=DIRECTION('',(1.0,0.0,0.0));
#2679=VECTOR('',#2678,1.0);
#2680=LINE('',#2677,#2679);
#2681=EDGE_CURVE('n° 1845',#2674,#2676,#2680,.T.);
#2682=ORIENTED_EDGE('',*,*,#2681,.T.);
#2683=CARTESIAN_POINT('',(6.35,12.8040180111,-11.3890122012));
#2684=DIRECTION('',(0.0,1.0,0.0));
#2685=DIRECTION('',(0.0,0.0,-1.0));
#2686=AXIS2_PLACEMENT_3D('',#2683,#2684,#2685);
#2687=ELLIPSE('',#2686,13.3890122012,3.0);
#2688=EDGE_CURVE('n° 1871',#2676,#2617,#2687,.T.);
#2689=ORIENTED_EDGE('',*,*,#2688,.T.);
#2690=ORIENTED_EDGE('',*,*,#2622,.T.);
#2691=CARTESIAN_POINT('',(-6.35,12.8040180111,-11.3890122012));
#2692=DIRECTION('',(0.0,1.0,0.0));
#2693=DIRECTION('',(-0.0,0.0,1.0));
#2694=AXIS2_PLACEMENT_3D('',#2691,#2692,#2693);
#2695=ELLIPSE('',#2694,13.3890122012,3.0);
#2696=EDGE_CURVE('n° 1866',#2608,#2674,#2695,.T.);
#2697=ORIENTED_EDGE('',*,*,#2696,.T.);
#2698=EDGE_LOOP('',(#2682,#2689,#2690,#2697));
#2699=FACE_OUTER_BOUND('',#2698,.T.);
#2700=CARTESIAN_POINT('',(9.35,12.8040180111,1.0));
#2701=DIRECTION('',(0.0,1.0,0.0));
#2702=DIRECTION('',(0.0,-0.0,1.0));
#2703=AXIS2_PLACEMENT_3D('',#2700,#2701,#2702);
#2704=PLANE('',#2703);
#2705=ADVANCED_FACE('n° 1619',(#2699),#2704,.T.);
#2706=CARTESIAN_POINT('',(6.35,-10.7800941377,1.6019104813));
#2707=VERTEX_POINT('',#2706);
#2708=CARTESIAN_POINT('',(6.35,-10.7800941377,1.0));
#2709=DIRECTION('',(0.0,0.0,1.0));
#2710=VECTOR('',#2709,1.0);
#2711=LINE('',#2708,#2710);
#2712=EDGE_CURVE('n° 1816',#2574,#2707,#2711,.T.);
#2713=ORIENTED_EDGE('',*,*,#2712,.T.);
#2714=CARTESIAN_POINT('',(-6.35,-10.7800941377,1.6019104813));
#2715=VERTEX_POINT('',#2714);
#2716=CARTESIAN_POINT('',(-6.35,-10.7800941377,1.6019104813));
#2717=DIRECTION('',(-1.0,0.0,0.0));
#2718=VECTOR('',#2717,1.0);
#2719=LINE('',#2716,#2718);
#2720=EDGE_CURVE('n° 4190',#2707,#2715,#2719,.T.);
#2721=ORIENTED_EDGE('',*,*,#2720,.T.);
#2722=CARTESIAN_POINT('',(-6.35,-10.7800941377,1.0));
#2723=DIRECTION('',(0.0,0.0,-1.0));
#2724=VECTOR('',#2723,1.0);
#2725=LINE('',#2722,#2724);
#2726=EDGE_CURVE('n° 4188',#2715,#2583,#2725,.T.);
#2727=ORIENTED_EDGE('',*,*,#2726,.T.);
#2728=ORIENTED_EDGE('',*,*,#2588,.T.);
#2729=EDGE_LOOP('',(#2713,#2721,#2727,#2728));
#2730=FACE_OUTER_BOUND('',#2729,.T.);
#2731=CARTESIAN_POINT('',(-9.35,-10.7800941377,1.0));
#2732=DIRECTION('',(0.0,-1.0,0.0));
#2733=DIRECTION('',(0.0,-0.0,-1.0));
#2734=AXIS2_PLACEMENT_3D('',#2731,#2732,#2733);
#2735=PLANE('',#2734);
#2736=ADVANCED_FACE('n° 1627',(#2730),#2735,.T.);
#2737=CARTESIAN_POINT('',(-9.35,-7.7800941377,2.176685317));
#2738=VERTEX_POINT('',#2737);
#2739=CARTESIAN_POINT('',(-9.35,-7.7800941377,2.0));
#2740=DIRECTION('',(-0.0,-0.0,1.0));
#2741=VECTOR('',#2740,1.0);
#2742=LINE('',#2739,#2741);
#2743=EDGE_CURVE('n° 1766',#2591,#2738,#2742,.T.);
#2744=ORIENTED_EDGE('',*,*,#2743,.T.);
#2745=CARTESIAN_POINT('',(-9.35,8.8082909417,5.9905198403));
#2746=VERTEX_POINT('',#2745);
#2747=CARTESIAN_POINT('',(-9.35,11.7320140132,6.6627128195));
#2748=DIRECTION('',(0.0,0.9745743572,0.2240643264));
#2749=VECTOR('',#2748,1.0);
#2750=LINE('',#2747,#2749);
#2751=EDGE_CURVE('n° 4206',#2738,#2746,#2750,.T.);
#2752=ORIENTED_EDGE('',*,*,#2751,.T.);
#2753=CARTESIAN_POINT('',(-9.35,10.0406447369,0.6303608759));
#2754=DIRECTION('',(0.0,0.2240643264,-0.9745743572));
#2755=VECTOR('',#2754,1.0);
#2756=LINE('',#2753,#2755);
#2757=EDGE_CURVE('n° 4204',#2746,#2600,#2756,.T.);
#2758=ORIENTED_EDGE('',*,*,#2757,.T.);
#2759=ORIENTED_EDGE('',*,*,#2605,.T.);
#2760=EDGE_LOOP('',(#2744,#2752,#2758,#2759));
#2761=FACE_OUTER_BOUND('',#2760,.T.);
#2762=CARTESIAN_POINT('',(-9.35,12.9643678084,1.3025538551));
#2763=DIRECTION('',(1.0,-0.0,0.0));
#2764=DIRECTION('',(0.0,0.0,-1.0));
#2765=AXIS2_PLACEMENT_3D('',#2762,#2763,#2764);
#2766=PLANE('',#2765);
#2767=ADVANCED_FACE('n° 1434',(#2761),#2766,.F.);
#2768=CARTESIAN_POINT('',(9.35,8.8082909417,5.9905198403));
#2769=VERTEX_POINT('',#2768);
#2770=CARTESIAN_POINT('',(9.35,8.6962587785,6.4778070188));
#2771=DIRECTION('',(0.0,-0.2240643264,0.9745743572));
#2772=VECTOR('',#2771,1.0);
#2773=LINE('',#2770,#2772);
#2774=EDGE_CURVE('n° 1832',#2566,#2769,#2773,.T.);
#2775=ORIENTED_EDGE('',*,*,#2774,.T.);
#2776=CARTESIAN_POINT('',(9.35,-7.7800941377,2.176685317));
#2777=VERTEX_POINT('',#2776);
#2778=CARTESIAN_POINT('',(9.35,-7.6680619745,2.2024426242));
#2779=DIRECTION('',(0.0,-0.9745743572,-0.2240643264));
#2780=VECTOR('',#2779,1.0);
#2781=LINE('',#2778,#2780);
#2782=EDGE_CURVE('n° 4137',#2769,#2777,#2781,.T.);
#2783=ORIENTED_EDGE('',*,*,#2782,.T.);
#2784=CARTESIAN_POINT('',(9.35,-7.7800941377,1.3025538551));
#2785=DIRECTION('',(0.0,-0.0,-1.0));
#2786=VECTOR('',#2785,1.0);
#2787=LINE('',#2784,#2786);
#2788=EDGE_CURVE('n° 4132',#2777,#2564,#2787,.T.);
#2789=ORIENTED_EDGE('',*,*,#2788,.T.);
#2790=ORIENTED_EDGE('',*,*,#2571,.T.);
#2791=EDGE_LOOP('',(#2775,#2783,#2789,#2790));
#2792=FACE_OUTER_BOUND('',#2791,.T.);
#2793=CARTESIAN_POINT('',(9.35,12.9643678084,1.3025538551));
#2794=DIRECTION('',(1.0,-0.0,0.0));
#2795=DIRECTION('',(0.0,0.0,-1.0));
#2796=AXIS2_PLACEMENT_3D('',#2793,#2794,#2795);
#2797=PLANE('',#2796);
#2798=ADVANCED_FACE('n° 1431',(#2792),#2797,.T.);
#2799=CARTESIAN_POINT('',(-6.35,11.7320140132,6.6627128195));
#2800=VERTEX_POINT('',#2799);
#2801=CARTESIAN_POINT('',(-6.35,11.61998185,7.149999998));
#2802=DIRECTION('',(0.0,-0.2240643264,0.9745743572));
#2803=VECTOR('',#2802,1.0);
#2804=LINE('',#2801,#2803);
#2805=EDGE_CURVE('n° 1850',#2674,#2800,#2804,.T.);
#2806=ORIENTED_EDGE('',*,*,#2805,.T.);
#2807=CARTESIAN_POINT('',(6.35,11.7320140132,6.6627128195));
#2808=VERTEX_POINT('',#2807);
#2809=CARTESIAN_POINT('',(9.35,11.7320140132,6.6627128195));
#2810=DIRECTION('',(1.0,0.0,0.0));
#2811=VECTOR('',#2810,1.0);
#2812=LINE('',#2809,#2811);
#2813=EDGE_CURVE('n° 4223',#2800,#2808,#2812,.T.);
#2814=ORIENTED_EDGE('',*,*,#2813,.T.);
#2815=CARTESIAN_POINT('',(6.35,12.8040180111,2.0));
#2816=DIRECTION('',(0.0,0.2240643264,-0.9745743572));
#2817=VECTOR('',#2816,1.0);
#2818=LINE('',#2815,#2817);
#2819=EDGE_CURVE('n° 4221',#2808,#2676,#2818,.T.);
#2820=ORIENTED_EDGE('',*,*,#2819,.T.);
#2821=ORIENTED_EDGE('',*,*,#2681,.F.);
#2822=EDGE_LOOP('',(#2806,#2814,#2820,#2821));
#2823=FACE_OUTER_BOUND('',#2822,.T.);
#2824=CARTESIAN_POINT('',(9.35,11.61998185,7.149999998));
#2825=DIRECTION('',(0.0,-0.9745743572,-0.2240643264));
#2826=DIRECTION('',(0.0,0.2240643264,-0.9745743572));
#2827=AXIS2_PLACEMENT_3D('',#2824,#2825,#2826);
#2828=PLANE('',#2827);
#2829=ADVANCED_FACE('n° 1415',(#2823),#2828,.F.);
#2830=ORIENTED_EDGE('',*,*,#2726,.F.);
#2831=CARTESIAN_POINT('',(-6.35,-7.7800941377,2.176685317));
#2832=DIRECTION('',(-0.0,0.1881691414,-0.9821366372));
#2833=DIRECTION('',(0.0,-0.9821366372,-0.1881691414));
#2834=AXIS2_PLACEMENT_3D('',#2831,#2832,#2833);
#2835=ELLIPSE('',#2834,3.0545647991,3.0);
#2836=EDGE_CURVE('n° 4198',#2715,#2738,#2835,.T.);
#2837=ORIENTED_EDGE('',*,*,#2836,.T.);
#2838=ORIENTED_EDGE('',*,*,#2743,.F.);
#2839=ORIENTED_EDGE('',*,*,#2597,.F.);
#2840=EDGE_LOOP('',(#2830,#2837,#2838,#2839));
#2841=FACE_OUTER_BOUND('',#2840,.T.);
#2842=CARTESIAN_POINT('',(-6.35,-7.7800941377,1.3025538551));
#2843=DIRECTION('',(0.0,0.0,-1.0));
#2844=DIRECTION('',(-1.0,0.0,-0.0));
#2845=AXIS2_PLACEMENT_3D('',#2842,#2843,#2844);
#2846=CYLINDRICAL_SURFACE('',#2845,3.0);
#2847=ADVANCED_FACE('n° 1916',(#2841),#2846,.T.);
#2848=ORIENTED_EDGE('',*,*,#2788,.F.);
#2849=CARTESIAN_POINT('',(6.35,-7.7800941377,2.176685317));
#2850=DIRECTION('',(0.0,0.1881691414,-0.9821366372));
#2851=DIRECTION('',(0.0,0.9821366372,0.1881691414));
#2852=AXIS2_PLACEMENT_3D('',#2849,#2850,#2851);
#2853=ELLIPSE('',#2852,3.0545647991,3.0);
#2854=EDGE_CURVE('n° 4182',#2777,#2707,#2853,.T.);
#2855=ORIENTED_EDGE('',*,*,#2854,.T.);
#2856=ORIENTED_EDGE('',*,*,#2712,.F.);
#2857=ORIENTED_EDGE('',*,*,#2580,.F.);
#2858=EDGE_LOOP('',(#2848,#2855,#2856,#2857));
#2859=FACE_OUTER_BOUND('',#2858,.T.);
#2860=CARTESIAN_POINT('',(6.35,-7.7800941377,1.0));
#2861=DIRECTION('',(0.0,0.0,1.0));
#2862=DIRECTION('',(1.0,0.0,-0.0));
#2863=AXIS2_PLACEMENT_3D('',#2860,#2861,#2862);
#2864=CYLINDRICAL_SURFACE('',#2863,3.0);
#2865=ADVANCED_FACE('n° 1937',(#2859),#2864,.T.);
#2866=ORIENTED_EDGE('',*,*,#2819,.F.);
#2867=CARTESIAN_POINT('',(6.35,8.8082909417,5.9905198403));
#2868=DIRECTION('',(0.0,0.2240643264,-0.9745743572));
#2869=DIRECTION('',(0.0,0.9745743572,0.2240643264));
#2870=AXIS2_PLACEMENT_3D('',#2867,#2868,#2869);
#2871=CIRCLE('',#2870,3.0);
#2872=EDGE_CURVE('n° 4323',#2808,#2769,#2871,.T.);
#2873=ORIENTED_EDGE('',*,*,#2872,.T.);
#2874=ORIENTED_EDGE('',*,*,#2774,.F.);
#2875=ORIENTED_EDGE('',*,*,#2629,.F.);
#2876=ORIENTED_EDGE('',*,*,#2688,.F.);
#2877=EDGE_LOOP('',(#2866,#2873,#2874,#2875,#2876));
#2878=FACE_OUTER_BOUND('',#2877,.T.);
#2879=CARTESIAN_POINT('',(6.35,10.0406447369,0.6303608759));
#2880=DIRECTION('',(0.0,0.2240643264,-0.9745743572));
#2881=DIRECTION('',(0.0,0.9745743572,0.2240643264));
#2882=AXIS2_PLACEMENT_3D('',#2879,#2880,#2881);
#2883=CYLINDRICAL_SURFACE('',#2882,3.0);
#2884=ADVANCED_FACE('n° 1958',(#2878),#2883,.T.);
#2885=ORIENTED_EDGE('',*,*,#2757,.F.);
#2886=CARTESIAN_POINT('',(-6.35,8.8082909417,5.9905198403));
#2887=DIRECTION('',(0.0,0.2240643264,-0.9745743572));
#2888=DIRECTION('',(0.0,0.9745743572,0.2240643264));
#2889=AXIS2_PLACEMENT_3D('',#2886,#2887,#2888);
#2890=CIRCLE('',#2889,3.0);
#2891=EDGE_CURVE('n° 4215',#2746,#2800,#2890,.T.);
#2892=ORIENTED_EDGE('',*,*,#2891,.T.);
#2893=ORIENTED_EDGE('',*,*,#2805,.F.);
#2894=ORIENTED_EDGE('',*,*,#2696,.F.);
#2895=ORIENTED_EDGE('',*,*,#2614,.F.);
#2896=EDGE_LOOP('',(#2885,#2892,#2893,#2894,#2895));
#2897=FACE_OUTER_BOUND('',#2896,.T.);
#2898=CARTESIAN_POINT('',(-6.35,8.6962587785,6.4778070188));
#2899=DIRECTION('',(-0.0,-0.2240643264,0.9745743572));
#2900=DIRECTION('',(0.0,-0.9745743572,-0.2240643264));
#2901=AXIS2_PLACEMENT_3D('',#2898,#2899,#2900);
#2902=CYLINDRICAL_SURFACE('',#2901,3.0);
#2903=ADVANCED_FACE('n° 1982',(#2897),#2902,.T.);
#2904=ORIENTED_EDGE('',*,*,#2639,.F.);
#2905=ORIENTED_EDGE('',*,*,#2539,.F.);
#2906=ORIENTED_EDGE('',*,*,#1682,.F.);
#2907=ORIENTED_EDGE('',*,*,#2515,.F.);
#2908=EDGE_LOOP('',(#2904,#2905,#2906,#2907));
#2909=FACE_OUTER_BOUND('',#2908,.T.);
#2910=CARTESIAN_POINT('',(6.55,-7.9800941377,1.0));
#2911=DIRECTION('',(0.0,0.0,-1.0));
#2912=DIRECTION('',(-1.0,0.0,-0.0));
#2913=AXIS2_PLACEMENT_3D('',#2910,#2911,#2912);
#2914=CYLINDRICAL_SURFACE('',#2913,3.0);
#2915=ADVANCED_FACE('n° 2179',(#2909),#2914,.F.);
#2916=ORIENTED_EDGE('',*,*,#2647,.F.);
#2917=ORIENTED_EDGE('',*,*,#2522,.F.);
#2918=ORIENTED_EDGE('',*,*,#1665,.F.);
#2919=ORIENTED_EDGE('',*,*,#2484,.F.);
#2920=EDGE_LOOP('',(#2916,#2917,#2918,#2919));
#2921=FACE_OUTER_BOUND('',#2920,.T.);
#2922=CARTESIAN_POINT('',(6.55,10.0040180111,1.0));
#2923=DIRECTION('',(0.0,0.0,-1.0));
#2924=DIRECTION('',(-1.0,0.0,-0.0));
#2925=AXIS2_PLACEMENT_3D('',#2922,#2923,#2924);
#2926=CYLINDRICAL_SURFACE('',#2925,3.0);
#2927=ADVANCED_FACE('n° 2200',(#2921),#2926,.F.);
#2928=ORIENTED_EDGE('',*,*,#2655,.F.);
#2929=ORIENTED_EDGE('',*,*,#2491,.F.);
#2930=ORIENTED_EDGE('',*,*,#1648,.F.);
#2931=ORIENTED_EDGE('',*,*,#2453,.F.);
#2932=EDGE_LOOP('',(#2928,#2929,#2930,#2931));
#2933=FACE_OUTER_BOUND('',#2932,.T.);
#2934=CARTESIAN_POINT('',(-6.55,10.0040180111,1.0));
#2935=DIRECTION('',(0.0,0.0,-1.0));
#2936=DIRECTION('',(-1.0,0.0,-0.0));
#2937=AXIS2_PLACEMENT_3D('',#2934,#2935,#2936);
#2938=CYLINDRICAL_SURFACE('',#2937,3.0);
#2939=ADVANCED_FACE('n° 2221',(#2933),#2938,.F.);
#2940=ORIENTED_EDGE('',*,*,#2663,.F.);
#2941=ORIENTED_EDGE('',*,*,#2460,.F.);
#2942=ORIENTED_EDGE('',*,*,#1697,.F.);
#2943=ORIENTED_EDGE('',*,*,#2553,.F.);
#2944=EDGE_LOOP('',(#2940,#2941,#2942,#2943));
#2945=FACE_OUTER_BOUND('',#2944,.T.);
#2946=CARTESIAN_POINT('',(-6.55,-7.9800941377,1.0));
#2947=DIRECTION('',(0.0,0.0,-1.0));
#2948=DIRECTION('',(-1.0,0.0,-0.0));
#2949=AXIS2_PLACEMENT_3D('',#2946,#2947,#2948);
#2950=CYLINDRICAL_SURFACE('',#2949,3.0);
#2951=ADVANCED_FACE('n° 2242',(#2945),#2950,.F.);
#2952=ORIENTED_EDGE('',*,*,#1884,.F.);
#2953=ORIENTED_EDGE('',*,*,#1922,.F.);
#2954=ORIENTED_EDGE('',*,*,#1948,.F.);
#2955=ORIENTED_EDGE('',*,*,#1972,.F.);
#2956=EDGE_LOOP('',(#2952,#2953,#2954,#2955));
#2957=FACE_OUTER_BOUND('',#2956,.T.);
#2958=CARTESIAN_POINT('',(3.05,9.05,-27.35));
#2959=DIRECTION('',(-0.7071067812,-0.0,-0.7071067812));
#2960=DIRECTION('',(-0.7071067812,0.0,0.7071067812));
#2961=AXIS2_PLACEMENT_3D('',#2958,#2959,#2960);
#2962=PLANE('',#2961);
#2963=ADVANCED_FACE('n° 2575',(#2957),#2962,.T.);
#2964=ORIENTED_EDGE('',*,*,#1957,.F.);
#2965=ORIENTED_EDGE('',*,*,#1853,.F.);
#2966=ORIENTED_EDGE('',*,*,#1898,.F.);
#2967=ORIENTED_EDGE('',*,*,#1979,.F.);
#2968=EDGE_LOOP('',(#2964,#2965,#2966,#2967));
#2969=FACE_OUTER_BOUND('',#2968,.T.);
#2970=CARTESIAN_POINT('',(7.25,9.05,-27.35));
#2971=DIRECTION('',(0.7071067812,0.0,-0.7071067812));
#2972=DIRECTION('',(-0.7071067812,0.0,-0.7071067812));
#2973=AXIS2_PLACEMENT_3D('',#2970,#2971,#2972);
#2974=PLANE('',#2973);
#2975=ADVANCED_FACE('n° 2596',(#2969),#2974,.T.);
#2976=ORIENTED_EDGE('',*,*,#2334,.F.);
#2977=ORIENTED_EDGE('',*,*,#2372,.F.);
#2978=ORIENTED_EDGE('',*,*,#2398,.F.);
#2979=ORIENTED_EDGE('',*,*,#2422,.F.);
#2980=EDGE_LOOP('',(#2976,#2977,#2978,#2979));
#2981=FACE_OUTER_BOUND('',#2980,.T.);
#2982=CARTESIAN_POINT('',(3.05,-0.15,-27.35));
#2983=DIRECTION('',(-0.7071067812,-0.0,-0.7071067812));
#2984=DIRECTION('',(-0.7071067812,0.0,0.7071067812));
#2985=AXIS2_PLACEMENT_3D('',#2982,#2983,#2984);
#2986=PLANE('',#2985);
#2987=ADVANCED_FACE('n° 2617',(#2981),#2986,.T.);
#2988=ORIENTED_EDGE('',*,*,#2407,.F.);
#2989=ORIENTED_EDGE('',*,*,#2303,.F.);
#2990=ORIENTED_EDGE('',*,*,#2348,.F.);
#2991=ORIENTED_EDGE('',*,*,#2429,.F.);
#2992=EDGE_LOOP('',(#2988,#2989,#2990,#2991));
#2993=FACE_OUTER_BOUND('',#2992,.T.);
#2994=CARTESIAN_POINT('',(7.25,-0.15,-27.35));
#2995=DIRECTION('',(0.7071067812,-0.0,-0.7071067812));
#2996=DIRECTION('',(-0.7071067812,0.0,-0.7071067812));
#2997=AXIS2_PLACEMENT_3D('',#2994,#2995,#2996);
#2998=PLANE('',#2997);
#2999=ADVANCED_FACE('n° 2638',(#2993),#2998,.T.);
#3000=ORIENTED_EDGE('',*,*,#2241,.F.);
#3001=ORIENTED_EDGE('',*,*,#2153,.F.);
#3002=ORIENTED_EDGE('',*,*,#2184,.F.);
#3003=ORIENTED_EDGE('',*,*,#2272,.F.);
#3004=EDGE_LOOP('',(#3000,#3001,#3002,#3003));
#3005=FACE_OUTER_BOUND('',#3004,.T.);
#3006=CARTESIAN_POINT('',(-3.05,0.65,-27.35));
#3007=DIRECTION('',(0.7071067812,-0.0,-0.7071067812));
#3008=DIRECTION('',(-0.7071067812,0.0,-0.7071067812));
#3009=AXIS2_PLACEMENT_3D('',#3006,#3007,#3008);
#3010=PLANE('',#3009);
#3011=ADVANCED_FACE('n° 2659',(#3005),#3010,.T.);
#3012=ORIENTED_EDGE('',*,*,#2091,.F.);
#3013=ORIENTED_EDGE('',*,*,#2003,.F.);
#3014=ORIENTED_EDGE('',*,*,#2034,.F.);
#3015=ORIENTED_EDGE('',*,*,#2122,.F.);
#3016=EDGE_LOOP('',(#3012,#3013,#3014,#3015));
#3017=FACE_OUTER_BOUND('',#3016,.T.);
#3018=CARTESIAN_POINT('',(-3.05,9.85,-27.35));
#3019=DIRECTION('',(0.7071067812,0.0,-0.7071067812));
#3020=DIRECTION('',(-0.7071067812,0.0,-0.7071067812));
#3021=AXIS2_PLACEMENT_3D('',#3018,#3019,#3020);
#3022=PLANE('',#3021);
#3023=ADVANCED_FACE('n° 2680',(#3017),#3022,.T.);
#3024=ORIENTED_EDGE('',*,*,#2050,.F.);
#3025=ORIENTED_EDGE('',*,*,#2072,.F.);
#3026=ORIENTED_EDGE('',*,*,#2105,.F.);
#3027=ORIENTED_EDGE('',*,*,#2129,.F.);
#3028=EDGE_LOOP('',(#3024,#3025,#3026,#3027));
#3029=FACE_OUTER_BOUND('',#3028,.T.);
#3030=CARTESIAN_POINT('',(-7.25,9.85,-27.35));
#3031=DIRECTION('',(-0.7071067812,-0.0,-0.7071067812));
#3032=DIRECTION('',(-0.7071067812,0.0,0.7071067812));
#3033=AXIS2_PLACEMENT_3D('',#3030,#3031,#3032);
#3034=PLANE('',#3033);
#3035=ADVANCED_FACE('n° 2701',(#3029),#3034,.T.);
#3036=ORIENTED_EDGE('',*,*,#2200,.F.);
#3037=ORIENTED_EDGE('',*,*,#2222,.F.);
#3038=ORIENTED_EDGE('',*,*,#2255,.F.);
#3039=ORIENTED_EDGE('',*,*,#2279,.F.);
#3040=EDGE_LOOP('',(#3036,#3037,#3038,#3039));
#3041=FACE_OUTER_BOUND('',#3040,.T.);
#3042=CARTESIAN_POINT('',(-7.25,0.65,-27.35));
#3043=DIRECTION('',(-0.7071067812,-0.0,-0.7071067812));
#3044=DIRECTION('',(-0.7071067812,0.0,0.7071067812));
#3045=AXIS2_PLACEMENT_3D('',#3042,#3043,#3044);
#3046=PLANE('',#3045);
#3047=ADVANCED_FACE('n° 2722',(#3041),#3046,.T.);
#3048=ORIENTED_EDGE('',*,*,#484,.T.);
#3049=CARTESIAN_POINT('',(9.95,15.6221066149,-4.0215053016));
#3050=DIRECTION('',(1.0,0.0,-0.0));
#3051=DIRECTION('',(0.0,0.0,1.0));
#3052=AXIS2_PLACEMENT_3D('',#3049,#3050,#3051);
#3053=CIRCLE('',#3052,0.5);
#3054=EDGE_CURVE('n° 4401',#471,#541,#3053,.T.);
#3055=ORIENTED_EDGE('',*,*,#3054,.T.);
#3056=ORIENTED_EDGE('',*,*,#548,.T.);
#3057=ORIENTED_EDGE('',*,*,#984,.T.);
#3058=ORIENTED_EDGE('',*,*,#324,.T.);
#3059=CARTESIAN_POINT('',(9.95,14.8830558757,-4.0516127238));
#3060=DIRECTION('',(-1.0,-0.0,0.0));
#3061=DIRECTION('',(0.0,0.0,1.0));
#3062=AXIS2_PLACEMENT_3D('',#3059,#3060,#3061);
#3063=CIRCLE('',#3062,0.5);
#3064=EDGE_CURVE('n° 4447',#311,#381,#3063,.T.);
#3065=ORIENTED_EDGE('',*,*,#3064,.T.);
#3066=ORIENTED_EDGE('',*,*,#388,.T.);
#3067=ORIENTED_EDGE('',*,*,#835,.T.);
#3068=EDGE_LOOP('',(#3048,#3055,#3056,#3057,#3058,#3065,#3066,#3067));
#3069=FACE_OUTER_BOUND('',#3068,.T.);
#3070=CARTESIAN_POINT('',(9.95,13.6,0.0));
#3071=DIRECTION('',(-1.0,-0.0,0.0));
#3072=DIRECTION('',(0.0,0.0,1.0));
#3073=AXIS2_PLACEMENT_3D('',#3070,#3071,#3072);
#3074=PLANE('',#3073);
#3075=ADVANCED_FACE('n° 2938',(#3069),#3074,.F.);
#3076=ORIENTED_EDGE('',*,*,#604,.F.);
#3077=CARTESIAN_POINT('',(-9.95,15.6221066149,-4.0215053016));
#3078=DIRECTION('',(-1.0,-0.0,0.0));
#3079=DIRECTION('',(0.0,0.0,1.0));
#3080=AXIS2_PLACEMENT_3D('',#3077,#3078,#3079);
#3081=CIRCLE('',#3080,0.5);
#3082=EDGE_CURVE('n° 4420',#591,#503,#3081,.T.);
#3083=ORIENTED_EDGE('',*,*,#3082,.T.);
#3084=ORIENTED_EDGE('',*,*,#508,.F.);
#3085=ORIENTED_EDGE('',*,*,#818,.F.);
#3086=ORIENTED_EDGE('',*,*,#444,.F.);
#3087=CARTESIAN_POINT('',(-9.95,14.8830558757,-4.0516127238));
#3088=DIRECTION('',(1.0,0.0,-0.0));
#3089=DIRECTION('',(0.0,0.0,1.0));
#3090=AXIS2_PLACEMENT_3D('',#3087,#3088,#3089);
#3091=CIRCLE('',#3090,0.5);
#3092=EDGE_CURVE('n° 4451',#431,#343,#3091,.T.);
#3093=ORIENTED_EDGE('',*,*,#3092,.T.);
#3094=ORIENTED_EDGE('',*,*,#348,.F.);
#3095=ORIENTED_EDGE('',*,*,#1000,.F.);
#3096=EDGE_LOOP('',(#3076,#3083,#3084,#3085,#3086,#3093,#3094,#3095));
#3097=FACE_OUTER_BOUND('',#3096,.T.);
#3098=CARTESIAN_POINT('',(-9.95,13.6,0.0));
#3099=DIRECTION('',(-1.0,-0.0,0.0));
#3100=DIRECTION('',(0.0,0.0,1.0));
#3101=AXIS2_PLACEMENT_3D('',#3098,#3099,#3100);
#3102=PLANE('',#3101);
#3103=ADVANCED_FACE('n° 2941',(#3097),#3102,.T.);
#3104=ORIENTED_EDGE('',*,*,#898,.T.);
#3105=ORIENTED_EDGE('',*,*,#80,.T.);
#3106=ORIENTED_EDGE('',*,*,#147,.T.);
#3107=ORIENTED_EDGE('',*,*,#1314,.T.);
#3108=ORIENTED_EDGE('',*,*,#222,.T.);
#3109=ORIENTED_EDGE('',*,*,#289,.T.);
#3110=EDGE_LOOP('',(#3104,#3105,#3106,#3107,#3108,#3109));
#3111=FACE_OUTER_BOUND('',#3110,.T.);
#3112=CARTESIAN_POINT('',(9.95,-13.6,0.0));
#3113=DIRECTION('',(1.0,0.0,0.0));
#3114=DIRECTION('',(0.0,0.0,-1.0));
#3115=AXIS2_PLACEMENT_3D('',#3112,#3113,#3114);
#3116=PLANE('',#3115);
#3117=ADVANCED_FACE('n° 3112',(#3111),#3116,.T.);
#3118=ORIENTED_EDGE('',*,*,#857,.F.);
#3119=ORIENTED_EDGE('',*,*,#253,.F.);
#3120=ORIENTED_EDGE('',*,*,#182,.F.);
#3121=ORIENTED_EDGE('',*,*,#1331,.F.);
#3122=ORIENTED_EDGE('',*,*,#111,.F.);
#3123=ORIENTED_EDGE('',*,*,#40,.F.);
#3124=EDGE_LOOP('',(#3118,#3119,#3120,#3121,#3122,#3123));
#3125=FACE_OUTER_BOUND('',#3124,.T.);
#3126=CARTESIAN_POINT('',(-9.95,-13.6,0.0));
#3127=DIRECTION('',(1.0,0.0,0.0));
#3128=DIRECTION('',(0.0,0.0,-1.0));
#3129=AXIS2_PLACEMENT_3D('',#3126,#3127,#3128);
#3130=PLANE('',#3129);
#3131=ADVANCED_FACE('n° 3115',(#3125),#3130,.F.);
#3132=ORIENTED_EDGE('',*,*,#698,.T.);
#3133=CARTESIAN_POINT('',(-0.25,-8.8421486397,2.4968573707));
#3134=VERTEX_POINT('',#3133);
#3135=CARTESIAN_POINT('',(-0.25,-8.8421486397,2.4968573707));
#3136=DIRECTION('',(0.0,0.2240643264,-0.9745743572));
#3137=VECTOR('',#3136,1.0);
#3138=LINE('',#3135,#3137);
#3139=EDGE_CURVE('n° 3239',#3134,#693,#3138,.T.);
#3140=ORIENTED_EDGE('',*,*,#3139,.F.);
#3141=CARTESIAN_POINT('',(-0.25,-4.9438512111,3.3931146763));
#3142=VERTEX_POINT('',#3141);
#3143=CARTESIAN_POINT('',(-0.25,-4.9438512111,3.3931146763));
#3144=DIRECTION('',(0.0,-0.9745743572,-0.2240643264));
#3145=VECTOR('',#3144,1.0);
#3146=LINE('',#3143,#3145);
#3147=EDGE_CURVE('n° 3248',#3142,#3134,#3146,.T.);
#3148=ORIENTED_EDGE('',*,*,#3147,.F.);
#3149=CARTESIAN_POINT('',(-0.25,-4.9438512111,3.3931146763));
#3150=DIRECTION('',(0.0,0.2240643264,-0.9745743572));
#3151=VECTOR('',#3150,1.0);
#3152=LINE('',#3149,#3151);
#3153=EDGE_CURVE('n° 3235',#3142,#691,#3152,.T.);
#3154=ORIENTED_EDGE('',*,*,#3153,.T.);
#3155=EDGE_LOOP('',(#3132,#3140,#3148,#3154));
#3156=FACE_OUTER_BOUND('',#3155,.T.);
#3157=CARTESIAN_POINT('',(-0.25,-4.9438512111,3.3931146763));
#3158=DIRECTION('',(1.0,0.0,0.0));
#3159=DIRECTION('',(-0.0,1.0,0.0));
#3160=AXIS2_PLACEMENT_3D('',#3157,#3158,#3159);
#3161=PLANE('',#3160);
#3162=ADVANCED_FACE('n° 3268',(#3156),#3161,.F.);
#3163=ORIENTED_EDGE('',*,*,#720,.T.);
#3164=CARTESIAN_POINT('',(0.25,-8.8421486397,2.4968573707));
#3165=VERTEX_POINT('',#3164);
#3166=CARTESIAN_POINT('',(0.25,-8.8421486397,2.4968573707));
#3167=DIRECTION('',(-0.0,0.2240643264,-0.9745743572));
#3168=VECTOR('',#3167,1.0);
#3169=LINE('',#3166,#3168);
#3170=EDGE_CURVE('n° 3243',#3165,#709,#3169,.T.);
#3171=ORIENTED_EDGE('',*,*,#3170,.F.);
#3172=CARTESIAN_POINT('',(-0.25,-8.8421486397,2.4968573707));
#3173=DIRECTION('',(1.0,0.0,0.0));
#3174=VECTOR('',#3173,1.0);
#3175=LINE('',#3172,#3174);
#3176=EDGE_CURVE('n° 3251',#3134,#3165,#3175,.T.);
#3177=ORIENTED_EDGE('',*,*,#3176,.F.);
#3178=ORIENTED_EDGE('',*,*,#3139,.T.);
#3179=EDGE_LOOP('',(#3163,#3171,#3177,#3178));
#3180=FACE_OUTER_BOUND('',#3179,.T.);
#3181=CARTESIAN_POINT('',(-0.25,-8.8421486397,2.4968573707));
#3182=DIRECTION('',(-0.0,0.9745743572,0.2240643264));
#3183=DIRECTION('',(0.0,-0.2240643264,0.9745743572));
#3184=AXIS2_PLACEMENT_3D('',#3181,#3182,#3183);
#3185=PLANE('',#3184);
#3186=ADVANCED_FACE('n° 3272',(#3180),#3185,.F.);
#3187=ORIENTED_EDGE('',*,*,#714,.T.);
#3188=CARTESIAN_POINT('',(0.25,-4.9438512111,3.3931146763));
#3189=VERTEX_POINT('',#3188);
#3190=CARTESIAN_POINT('',(0.25,-4.9438512111,3.3931146763));
#3191=DIRECTION('',(0.0,0.2240643264,-0.9745743572));
#3192=VECTOR('',#3191,1.0);
#3193=LINE('',#3190,#3192);
#3194=EDGE_CURVE('n° 3247',#3189,#701,#3193,.T.);
#3195=ORIENTED_EDGE('',*,*,#3194,.F.);
#3196=CARTESIAN_POINT('',(0.25,-4.9438512111,3.3931146763));
#3197=DIRECTION('',(-0.0,0.9745743572,0.2240643264));
#3198=VECTOR('',#3197,1.0);
#3199=LINE('',#3196,#3198);
#3200=EDGE_CURVE('n° 3254',#3165,#3189,#3199,.T.);
#3201=ORIENTED_EDGE('',*,*,#3200,.F.);
#3202=ORIENTED_EDGE('',*,*,#3170,.T.);
#3203=EDGE_LOOP('',(#3187,#3195,#3201,#3202));
#3204=FACE_OUTER_BOUND('',#3203,.T.);
#3205=CARTESIAN_POINT('',(0.25,-4.9438512111,3.3931146763));
#3206=DIRECTION('',(-1.0,-0.0,-0.0));
#3207=DIRECTION('',(0.0,-1.0,0.0));
#3208=AXIS2_PLACEMENT_3D('',#3205,#3206,#3207);
#3209=PLANE('',#3208);
#3210=ADVANCED_FACE('n° 3276',(#3204),#3209,.F.);
#3211=ORIENTED_EDGE('',*,*,#706,.T.);
#3212=ORIENTED_EDGE('',*,*,#3153,.F.);
#3213=CARTESIAN_POINT('',(-0.25,-4.9438512111,3.3931146763));
#3214=DIRECTION('',(-1.0,0.0,0.0));
#3215=VECTOR('',#3214,1.0);
#3216=LINE('',#3213,#3215);
#3217=EDGE_CURVE('n° 3257',#3189,#3142,#3216,.T.);
#3218=ORIENTED_EDGE('',*,*,#3217,.F.);
#3219=ORIENTED_EDGE('',*,*,#3194,.T.);
#3220=EDGE_LOOP('',(#3211,#3212,#3218,#3219));
#3221=FACE_OUTER_BOUND('',#3220,.T.);
#3222=CARTESIAN_POINT('',(-0.25,-4.9438512111,3.3931146763));
#3223=DIRECTION('',(0.0,-0.9745743572,-0.2240643264));
#3224=DIRECTION('',(0.0,0.2240643264,-0.9745743572));
#3225=AXIS2_PLACEMENT_3D('',#3222,#3223,#3224);
#3226=PLANE('',#3225);
#3227=ADVANCED_FACE('n° 3280',(#3221),#3226,.F.);
#3228=ORIENTED_EDGE('',*,*,#3147,.T.);
#3229=ORIENTED_EDGE('',*,*,#3176,.T.);
#3230=ORIENTED_EDGE('',*,*,#3200,.T.);
#3231=ORIENTED_EDGE('',*,*,#3217,.T.);
#3232=EDGE_LOOP('',(#3228,#3229,#3230,#3231));
#3233=FACE_OUTER_BOUND('',#3232,.T.);
#3234=CARTESIAN_POINT('',(-0.25,-8.8421486397,2.4968573707));
#3235=DIRECTION('',(0.0,-0.2240643264,0.9745743572));
#3236=DIRECTION('',(0.0,-0.9745743572,-0.2240643264));
#3237=AXIS2_PLACEMENT_3D('',#3234,#3235,#3236);
#3238=PLANE('',#3237);
#3239=ADVANCED_FACE('n° 3284',(#3233),#3238,.T.);
#3240=CARTESIAN_POINT('',(0.0,5.2740453121,5.7423105943));
#3241=VERTEX_POINT('',#3240);
#3242=CARTESIAN_POINT('',(0.0,7.710481205,6.3024714103));
#3243=DIRECTION('',(0.0,-0.2240643264,0.9745743572));
#3244=DIRECTION('',(0.0,-0.9745743572,-0.2240643264));
#3245=AXIS2_PLACEMENT_3D('',#3242,#3243,#3244);
#3246=CIRCLE('',#3245,2.5);
#3247=EDGE_CURVE('n° 3333',#3241,#3241,#3246,.T.);
#3248=ORIENTED_EDGE('',*,*,#3247,.T.);
#3249=EDGE_LOOP('',(#3248));
#3250=FACE_OUTER_BOUND('',#3249,.T.);
#3251=CARTESIAN_POINT('',(0.0,5.7613324907,5.8543427575));
#3252=VERTEX_POINT('',#3251);
#3253=CARTESIAN_POINT('',(0.0,7.710481205,6.3024714103));
#3254=DIRECTION('',(0.0,-0.2240643264,0.9745743572));
#3255=DIRECTION('',(0.0,-0.9745743572,-0.2240643264));
#3256=AXIS2_PLACEMENT_3D('',#3253,#3254,#3255);
#3257=CIRCLE('',#3256,2.0);
#3258=EDGE_CURVE('n° 3342',#3252,#3252,#3257,.T.);
#3259=ORIENTED_EDGE('',*,*,#3258,.F.);
#3260=EDGE_LOOP('',(#3259));
#3261=FACE_BOUND('',#3260,.T.);
#3262=CARTESIAN_POINT('',(0.0,7.710481205,6.3024714103));
#3263=DIRECTION('',(0.0,-0.2240643264,0.9745743572));
#3264=DIRECTION('',(0.0,-0.9745743572,-0.2240643264));
#3265=AXIS2_PLACEMENT_3D('',#3262,#3263,#3264);
#3266=PLANE('',#3265);
#3267=ADVANCED_FACE('n° 3345',(#3250,#3261),#3266,.T.);
#3268=ORIENTED_EDGE('',*,*,#3247,.F.);
#3269=EDGE_LOOP('',(#3268));
#3270=FACE_OUTER_BOUND('',#3269,.T.);
#3271=ORIENTED_EDGE('',*,*,#731,.T.);
#3272=EDGE_LOOP('',(#3271));
#3273=FACE_BOUND('',#3272,.T.);
#3274=CARTESIAN_POINT('',(0.0,7.710481205,6.3024714103));
#3275=DIRECTION('',(-0.0,0.2240643264,-0.9745743572));
#3276=DIRECTION('',(0.0,0.9745743572,0.2240643264));
#3277=AXIS2_PLACEMENT_3D('',#3274,#3275,#3276);
#3278=CYLINDRICAL_SURFACE('',#3277,2.5);
#3279=ADVANCED_FACE('n° 3353',(#3270,#3273),#3278,.T.);
#3280=ORIENTED_EDGE('',*,*,#3258,.T.);
#3281=EDGE_LOOP('',(#3280));
#3282=FACE_OUTER_BOUND('',#3281,.T.);
#3283=CARTESIAN_POINT('',(0.0,5.772535707,5.8056140396));
#3284=VERTEX_POINT('',#3283);
#3285=CARTESIAN_POINT('',(0.0,7.7216844214,6.2537426924));
#3286=DIRECTION('',(0.0,-0.2240643264,0.9745743572));
#3287=DIRECTION('',(0.0,-0.9745743572,-0.2240643264));
#3288=AXIS2_PLACEMENT_3D('',#3285,#3286,#3287);
#3289=CIRCLE('',#3288,2.0);
#3290=EDGE_CURVE('n° 3336',#3284,#3284,#3289,.T.);
#3291=ORIENTED_EDGE('',*,*,#3290,.F.);
#3292=EDGE_LOOP('',(#3291));
#3293=FACE_BOUND('',#3292,.T.);
#3294=CARTESIAN_POINT('',(0.0,7.710481205,6.3024714103));
#3295=DIRECTION('',(-0.0,0.2240643264,-0.9745743572));
#3296=DIRECTION('',(0.0,0.9745743572,0.2240643264));
#3297=AXIS2_PLACEMENT_3D('',#3294,#3295,#3296);
#3298=CYLINDRICAL_SURFACE('',#3297,2.0);
#3299=ADVANCED_FACE('n° 3358',(#3282,#3293),#3298,.F.);
#3300=ORIENTED_EDGE('',*,*,#3290,.T.);
#3301=EDGE_LOOP('',(#3300));
#3302=FACE_OUTER_BOUND('',#3301,.T.);
#3303=CARTESIAN_POINT('',(9.35,11.61998185,7.149999998));
#3304=DIRECTION('',(0.0,0.2240643264,-0.9745743572));
#3305=DIRECTION('',(0.0,0.9745743572,0.2240643264));
#3306=AXIS2_PLACEMENT_3D('',#3303,#3304,#3305);
#3307=PLANE('',#3306);
#3308=ADVANCED_FACE('n° 3228',(#3302),#3307,.F.);
#3309=ORIENTED_EDGE('',*,*,#564,.T.);
#3310=CARTESIAN_POINT('',(6.15,15.6221066149,-4.0215053016));
#3311=DIRECTION('',(-1.0,-0.0,0.0));
#3312=DIRECTION('',(0.0,-1.0,0.0));
#3313=AXIS2_PLACEMENT_3D('',#3310,#3311,#3312);
#3314=CIRCLE('',#3313,0.5);
#3315=EDGE_CURVE('n° 4388',#551,#461,#3314,.T.);
#3316=ORIENTED_EDGE('',*,*,#3315,.T.);
#3317=ORIENTED_EDGE('',*,*,#468,.T.);
#3318=ORIENTED_EDGE('',*,*,#828,.F.);
#3319=ORIENTED_EDGE('',*,*,#404,.T.);
#3320=CARTESIAN_POINT('',(6.15,14.8830558757,-4.0516127238));
#3321=DIRECTION('',(1.0,0.0,-0.0));
#3322=DIRECTION('',(0.0,-1.0,0.0));
#3323=AXIS2_PLACEMENT_3D('',#3320,#3321,#3322);
#3324=CIRCLE('',#3323,0.5);
#3325=EDGE_CURVE('n° 4443',#391,#301,#3324,.T.);
#3326=ORIENTED_EDGE('',*,*,#3325,.T.);
#3327=ORIENTED_EDGE('',*,*,#308,.T.);
#3328=ORIENTED_EDGE('',*,*,#977,.F.);
#3329=EDGE_LOOP('',(#3309,#3316,#3317,#3318,#3319,#3326,#3327,#3328));
#3330=FACE_OUTER_BOUND('',#3329,.T.);
#3331=CARTESIAN_POINT('',(6.15,16.15,0.0));
#3332=DIRECTION('',(-1.0,-0.0,0.0));
#3333=DIRECTION('',(0.0,-1.0,0.0));
#3334=AXIS2_PLACEMENT_3D('',#3331,#3332,#3333);
#3335=PLANE('',#3334);
#3336=ADVANCED_FACE('n° 3602',(#3330),#3335,.T.);
#3337=ORIENTED_EDGE('',*,*,#524,.T.);
#3338=CARTESIAN_POINT('',(-6.15,15.6221066149,-4.0215053016));
#3339=DIRECTION('',(1.0,0.0,0.0));
#3340=DIRECTION('',(-0.0,1.0,0.0));
#3341=AXIS2_PLACEMENT_3D('',#3338,#3339,#3340);
#3342=CIRCLE('',#3341,0.5);
#3343=EDGE_CURVE('n° 4433',#511,#581,#3342,.T.);
#3344=ORIENTED_EDGE('',*,*,#3343,.T.);
#3345=ORIENTED_EDGE('',*,*,#588,.T.);
#3346=ORIENTED_EDGE('',*,*,#993,.T.);
#3347=ORIENTED_EDGE('',*,*,#364,.T.);
#3348=CARTESIAN_POINT('',(-6.15,14.8830558757,-4.0516127238));
#3349=DIRECTION('',(-1.0,-0.0,-0.0));
#3350=DIRECTION('',(-0.0,1.0,0.0));
#3351=AXIS2_PLACEMENT_3D('',#3348,#3349,#3350);
#3352=CIRCLE('',#3351,0.5);
#3353=EDGE_CURVE('n° 4455',#351,#421,#3352,.T.);
#3354=ORIENTED_EDGE('',*,*,#3353,.T.);
#3355=ORIENTED_EDGE('',*,*,#428,.T.);
#3356=ORIENTED_EDGE('',*,*,#811,.F.);
#3357=EDGE_LOOP('',(#3337,#3344,#3345,#3346,#3347,#3354,#3355,#3356));
#3358=FACE_OUTER_BOUND('',#3357,.T.);
#3359=CARTESIAN_POINT('',(-6.15,16.15,0.0));
#3360=DIRECTION('',(1.0,0.0,0.0));
#3361=DIRECTION('',(-0.0,1.0,0.0));
#3362=AXIS2_PLACEMENT_3D('',#3359,#3360,#3361);
#3363=PLANE('',#3362);
#3364=ADVANCED_FACE('n° 3614',(#3358),#3363,.T.);
#3365=ORIENTED_EDGE('',*,*,#24,.T.);
#3366=ORIENTED_EDGE('',*,*,#102,.T.);
#3367=ORIENTED_EDGE('',*,*,#1324,.F.);
#3368=ORIENTED_EDGE('',*,*,#166,.T.);
#3369=ORIENTED_EDGE('',*,*,#244,.T.);
#3370=ORIENTED_EDGE('',*,*,#850,.F.);
#3371=EDGE_LOOP('',(#3365,#3366,#3367,#3368,#3369,#3370));
#3372=FACE_OUTER_BOUND('',#3371,.T.);
#3373=CARTESIAN_POINT('',(-6.15,-16.15,0.0));
#3374=DIRECTION('',(1.0,0.0,0.0));
#3375=DIRECTION('',(-0.0,1.0,0.0));
#3376=AXIS2_PLACEMENT_3D('',#3373,#3374,#3375);
#3377=PLANE('',#3376);
#3378=ADVANCED_FACE('n° 3961',(#3372),#3377,.T.);
#3379=ORIENTED_EDGE('',*,*,#64,.T.);
#3380=ORIENTED_EDGE('',*,*,#891,.T.);
#3381=ORIENTED_EDGE('',*,*,#275,.T.);
#3382=ORIENTED_EDGE('',*,*,#206,.T.);
#3383=ORIENTED_EDGE('',*,*,#1307,.F.);
#3384=ORIENTED_EDGE('',*,*,#133,.T.);
#3385=EDGE_LOOP('',(#3379,#3380,#3381,#3382,#3383,#3384));
#3386=FACE_OUTER_BOUND('',#3385,.T.);
#3387=CARTESIAN_POINT('',(6.15,-16.15,0.0));
#3388=DIRECTION('',(-1.0,-0.0,-0.0));
#3389=DIRECTION('',(0.0,-1.0,0.0));
#3390=AXIS2_PLACEMENT_3D('',#3387,#3388,#3389);
#3391=PLANE('',#3390);
#3392=ADVANCED_FACE('n° 3973',(#3386),#3391,.T.);
#3393=CARTESIAN_POINT('',(-8.85,-7.7800941377,2.176685317));
#3394=DIRECTION('',(-0.0,-0.9745743572,-0.2240643264));
#3395=DIRECTION('',(0.0,0.2240643264,-0.9745743572));
#3396=AXIS2_PLACEMENT_3D('',#3393,#3394,#3395);
#3397=CIRCLE('',#3396,0.5);
#3398=EDGE_CURVE('n° 4527',#666,#2738,#3397,.T.);
#3399=ORIENTED_EDGE('',*,*,#3398,.F.);
#3400=ORIENTED_EDGE('',*,*,#671,.F.);
#3401=CARTESIAN_POINT('',(-8.85,8.8082909417,5.9905198403));
#3402=DIRECTION('',(0.0,0.9745743572,0.2240643264));
#3403=DIRECTION('',(0.0,-0.2240643264,0.9745743572));
#3404=AXIS2_PLACEMENT_3D('',#3401,#3402,#3403);
#3405=CIRCLE('',#3404,0.5);
#3406=EDGE_CURVE('n° 4524',#2746,#657,#3405,.T.);
#3407=ORIENTED_EDGE('',*,*,#3406,.F.);
#3408=ORIENTED_EDGE('',*,*,#2751,.F.);
#3409=EDGE_LOOP('',(#3399,#3400,#3407,#3408));
#3410=FACE_OUTER_BOUND('',#3409,.T.);
#3411=CARTESIAN_POINT('',(-8.85,11.7320140132,6.6627128195));
#3412=DIRECTION('',(0.0,-0.9745743572,-0.2240643264));
#3413=DIRECTION('',(0.0,0.2240643264,-0.9745743572));
#3414=AXIS2_PLACEMENT_3D('',#3411,#3412,#3413);
#3415=CYLINDRICAL_SURFACE('',#3414,0.5);
#3416=ADVANCED_FACE('n° 4503',(#3410),#3415,.T.);
#3417=ORIENTED_EDGE('',*,*,#3406,.T.);
#3418=ORIENTED_EDGE('',*,*,#663,.F.);
#3419=CARTESIAN_POINT('',(-6.35,11.2447268346,6.5506806563));
#3420=DIRECTION('',(1.0,0.0,-0.0));
#3421=DIRECTION('',(-0.0,0.0,-1.0));
#3422=AXIS2_PLACEMENT_3D('',#3419,#3420,#3421);
#3423=CIRCLE('',#3422,0.5);
#3424=EDGE_CURVE('n° 4530',#2800,#649,#3423,.T.);
#3425=ORIENTED_EDGE('',*,*,#3424,.F.);
#3426=ORIENTED_EDGE('',*,*,#2891,.F.);
#3427=EDGE_LOOP('',(#3417,#3418,#3425,#3426));
#3428=FACE_OUTER_BOUND('',#3427,.T.);
#3429=CARTESIAN_POINT('',(-6.35,8.8082909417,5.9905198403));
#3430=DIRECTION('',(0.0,0.2240643264,-0.9745743572));
#3431=DIRECTION('',(0.0,0.9745743572,0.2240643264));
#3432=AXIS2_PLACEMENT_3D('',#3429,#3430,#3431);
#3433=TOROIDAL_SURFACE('',#3432,2.5,0.5);
#3434=ADVANCED_FACE('n° 4505',(#3428),#3433,.T.);
#3435=ORIENTED_EDGE('',*,*,#3398,.T.);
#3436=ORIENTED_EDGE('',*,*,#2836,.F.);
#3437=CARTESIAN_POINT('',(-6.35,-10.2800941377,1.6019104813));
#3438=DIRECTION('',(1.0,0.0,0.0));
#3439=DIRECTION('',(0.0,0.0,-1.0));
#3440=AXIS2_PLACEMENT_3D('',#3437,#3438,#3439);
#3441=CIRCLE('',#3440,0.5);
#3442=EDGE_CURVE('n° 4533',#674,#2715,#3441,.T.);
#3443=ORIENTED_EDGE('',*,*,#3442,.F.);
#3444=ORIENTED_EDGE('',*,*,#680,.F.);
#3445=EDGE_LOOP('',(#3435,#3436,#3443,#3444));
#3446=FACE_OUTER_BOUND('',#3445,.T.);
#3447=CARTESIAN_POINT('',(-6.35,-10.3921263009,2.0891976599));
#3448=CARTESIAN_POINT('',(-6.35,-10.4358136587,2.0791535023));
#3449=CARTESIAN_POINT('',(-6.35,-10.4781383832,2.0631999209));
#3450=CARTESIAN_POINT('',(-6.35,-10.5570336213,2.0206156195));
#3451=CARTESIAN_POINT('',(-6.35,-10.5935972773,1.9939886008));
#3452=CARTESIAN_POINT('',(-6.35,-10.6583400063,1.9319703746));
#3453=CARTESIAN_POINT('',(-6.35,-10.6865134519,1.8965845579));
#3454=CARTESIAN_POINT('',(-6.35,-10.7324482888,1.8195918823));
#3455=CARTESIAN_POINT('',(-6.35,-10.7502056874,1.7779917158));
#3456=CARTESIAN_POINT('',(-6.35,-10.7740296473,1.691560817));
#3457=CARTESIAN_POINT('',(-6.35,-10.7800941377,1.6467375973));
#3458=CARTESIAN_POINT('',(-6.35,-10.7800941377,1.6019104813));
#3459=CARTESIAN_POINT('',(-6.6117993878,-10.3921263009,2.0891976599));
#3460=CARTESIAN_POINT('',(-6.6166161415,-10.4358136587,2.0791535023));
#3461=CARTESIAN_POINT('',(-6.6214324765,-10.4781383832,2.0631999209));
#3462=CARTESIAN_POINT('',(-6.6307196309,-10.5570336213,2.0206156195));
#3463=CARTESIAN_POINT('',(-6.6351896431,-10.5935972773,1.9939886008));
#3464=CARTESIAN_POINT('',(-6.6434626436,-10.6583400063,1.9319703746));
#3465=CARTESIAN_POINT('',(-6.6472649128,-10.6865134519,1.8965845579));
#3466=CARTESIAN_POINT('',(-6.6539288819,-10.7324482888,1.8195918823));
#3467=CARTESIAN_POINT('',(-6.6567900026,-10.7502056874,1.7779917158));
#3468=CARTESIAN_POINT('',(-6.6613657619,-10.7740296473,1.691560817));
#3469=CARTESIAN_POINT('',(-6.6630800027,-10.7800941377,1.6467375973));
#3470=CARTESIAN_POINT('',(-6.6641592654,-10.7800941377,1.6019104813));
#3471=CARTESIAN_POINT('',(-6.8735564722,-10.3506680516,2.0987293232));
#3472=CARTESIAN_POINT('',(-6.883190179,-10.3937199733,2.0888312588));
#3473=CARTESIAN_POINT('',(-6.8928230482,-10.4354015445,2.0729901548));
#3474=CARTESIAN_POINT('',(-6.9113975561,-10.5130233753,2.0305620462));
#3475=CARTESIAN_POINT('',(-6.9203375798,-10.5489568074,2.0039787713));
#3476=CARTESIAN_POINT('',(-6.9368831944,-10.612481782,1.9419869089));
#3477=CARTESIAN_POINT('',(-6.9444873466,-10.6400677363,1.9065837704));
#3478=CARTESIAN_POINT('',(-6.9578139706,-10.6849004548,1.8295108312));
#3479=CARTESIAN_POINT('',(-6.9635352833,-10.7021432742,1.7878478045));
#3480=CARTESIAN_POINT('',(-6.9726842881,-10.7250401745,1.7012668096));
#3481=CARTESIAN_POINT('',(-6.9761111842,-10.7306922395,1.6563564508));
#3482=CARTESIAN_POINT('',(-6.9782677667,-10.7303442385,1.6114421447));
#3483=CARTESIAN_POINT('',(-7.3715284997,-10.1888671317,2.1359289621));
#3484=CARTESIAN_POINT('',(-7.3904877517,-10.2293972603,2.1266106829));
#3485=CARTESIAN_POINT('',(-7.409445272,-10.2685266713,2.1112169952));
#3486=CARTESIAN_POINT('',(-7.4459663848,-10.3411054754,2.0694110313));
#3487=CARTESIAN_POINT('',(-7.4635266416,-10.3745481993,2.0430025943));
#3488=CARTESIAN_POINT('',(-7.4959585691,-10.4332799314,1.9811169559));
#3489=CARTESIAN_POINT('',(-7.5108272773,-10.4585635421,1.9456454371));
#3490=CARTESIAN_POINT('',(-7.5367795988,-10.499105989,1.8682535495));
#3491=CARTESIAN_POINT('',(-7.5478608413,-10.5143610982,1.8263402865));
#3492=CARTESIAN_POINT('',(-7.5654206862,-10.5337164447,1.7391613259));
#3493=CARTESIAN_POINT('',(-7.5718976844,-10.5378149011,1.6939036325));
#3494=CARTESIAN_POINT('',(-7.5758341996,-10.5361831347,1.6486417835));
#3495=CARTESIAN_POINT('',(-7.6076629769,-10.0685506061,2.1635909266));
#3496=CARTESIAN_POINT('',(-7.6311311411,-10.107193974,2.1547064324));
#3497=CARTESIAN_POINT('',(-7.6545970977,-10.1444139729,2.1396477704));
#3498=CARTESIAN_POINT('',(-7.699777725,-10.2132225241,2.0983078899));
#3499=CARTESIAN_POINT('',(-7.7214881455,-10.2448045354,2.072030592));
#3500=CARTESIAN_POINT('',(-7.76153294,-10.299960684,2.0102248521));
#3501=CARTESIAN_POINT('',(-7.7798635465,-10.3235295754,1.9747022683));
#3502=CARTESIAN_POINT('',(-7.8117763792,-10.3608846837,1.8970716382));
#3503=CARTESIAN_POINT('',(-7.8253556019,-10.3746673441,1.8549709482));
#3504=CARTESIAN_POINT('',(-7.8467483843,-10.3914102901,1.7673439908));
#3505=CARTESIAN_POINT('',(-7.8545599291,-10.3943689761,1.7218260259));
#3506=CARTESIAN_POINT('',(-7.8591955723,-10.3918033039,1.676303748));
#3507=CARTESIAN_POINT('',(-8.0312632846,-9.7607869676,2.2343488445));
#3508=CARTESIAN_POINT('',(-8.0631216924,-9.7944709711,2.2266045574));
#3509=CARTESIAN_POINT('',(-8.0949768437,-9.826672893,2.2124298067));
#3510=CARTESIAN_POINT('',(-8.1562099723,-9.8856047422,2.1723222748));
#3511=CARTESIAN_POINT('',(-8.1855816904,-9.9123285951,2.1463936169));
#3512=CARTESIAN_POINT('',(-8.2395573298,-9.9582104207,2.084802987));
#3513=CARTESIAN_POINT('',(-8.2641557334,-9.977363661,2.0491473434));
#3514=CARTESIAN_POINT('',(-8.306665715,-10.0066020851,1.9708878696));
#3515=CARTESIAN_POINT('',(-8.3245729465,-10.0166842489,1.9282920787));
#3516=CARTESIAN_POINT('',(-8.3523027246,-10.0269876768,1.8394802478));
#3517=CARTESIAN_POINT('',(-8.3621224347,-10.0272078695,1.7932733301));
#3518=CARTESIAN_POINT('',(-8.3675159415,-10.0224869378,1.7470616659));
#3519=CARTESIAN_POINT('',(-8.2186606667,-9.5733895855,2.2774333643));
#3520=CARTESIAN_POINT('',(-8.254400447,-9.6040001644,2.2703956881));
#3521=CARTESIAN_POINT('',(-8.2901363967,-9.6330925986,2.2567700021));
#3522=CARTESIAN_POINT('',(-8.3587623015,-9.6859167224,2.2174290097));
#3523=CARTESIAN_POINT('',(-8.3916449006,-9.7096426768,2.191717948));
#3524=CARTESIAN_POINT('',(-8.4519374866,-9.7498255922,2.1302626131));
#3525=CARTESIAN_POINT('',(-8.479341009,-9.7662781835,2.094524963));
#3526=CARTESIAN_POINT('',(-8.5264854158,-9.7905888972,2.0158752702));
#3527=CARTESIAN_POINT('',(-8.5462212427,-9.7984443666,1.9729716996));
#3528=CARTESIAN_POINT('',(-8.5764515809,-9.8049247292,1.8834227261));
#3529=CARTESIAN_POINT('',(-8.5869428449,-9.8035488994,1.8367869673));
#3530=CARTESIAN_POINT('',(-8.5923928001,-9.7976100792,1.7901461857));
#3531=CARTESIAN_POINT('',(-8.5264243051,-9.1497892778,2.3748232832));
#3532=CARTESIAN_POINT('',(-8.5689624769,-9.1731956983,2.3694419146));
#3533=CARTESIAN_POINT('',(-8.6114955711,-9.1950010374,2.3571095415));
#3534=CARTESIAN_POINT('',(-8.6929890973,-9.2335715896,2.3195792365));
#3535=CARTESIAN_POINT('',(-8.7319398014,-9.2503321368,2.294385808));
#3536=CARTESIAN_POINT('',(-8.8029864716,-9.2773895674,2.2332574475));
#3537=CARTESIAN_POINT('',(-8.8350739554,-9.2876831681,2.1973298426));
#3538=CARTESIAN_POINT('',(-8.8896891446,-9.3009295737,2.1177629935));
#3539=CARTESIAN_POINT('',(-8.912210327,-9.3038807576,2.0741332826));
#3540=CARTESIAN_POINT('',(-8.9457926528,-9.3021861209,1.9828423616));
#3541=CARTESIAN_POINT('',(-8.9568497815,-9.2975404787,1.9351920873));
#3542=CARTESIAN_POINT('',(-8.9617091662,-9.28928971,1.8875361046));
#3543=CARTESIAN_POINT('',(-8.6467408308,-8.9136548006,2.4291129453));
#3544=CARTESIAN_POINT('',(-8.6921954634,-8.9329292946,2.4246815477));
#3545=CARTESIAN_POINT('',(-8.7376443443,-8.950555833,2.4130936898));
#3546=CARTESIAN_POINT('',(-8.824611504,-8.9809787216,2.3766079485));
#3547=CARTESIAN_POINT('',(-8.8661187771,-8.9937711385,2.3517147057));
#3548=CARTESIAN_POINT('',(-8.941601153,-9.0134018403,2.2907781599));
#3549=CARTESIAN_POINT('',(-8.9755667004,-9.0202375692,2.2547425936));
#3550=CARTESIAN_POINT('',(-9.0330166556,-9.0273498054,2.1746486342));
#3551=CARTESIAN_POINT('',(-9.0564937853,-9.0276253585,2.1306004031));
#3552=CARTESIAN_POINT('',(-9.0909261165,-9.0215844152,2.038304272));
#3553=CARTESIAN_POINT('',(-9.1018769475,-9.0152686516,1.9900680786));
#3554=CARTESIAN_POINT('',(-9.1060889969,-9.0059283373,1.9418257667));
#3555=CARTESIAN_POINT('',(-8.8085417507,-8.4156827731,2.5436016614));
#3556=CARTESIAN_POINT('',(-8.858516978,-8.4258586172,2.5412621338));
#3557=CARTESIAN_POINT('',(-8.9084850776,-8.434285666,2.5313230005));
#3558=CARTESIAN_POINT('',(-9.0038362299,-8.4468582871,2.4971580287));
#3559=CARTESIAN_POINT('',(-9.0492056823,-8.4510019901,2.4729370847));
#3560=CARTESIAN_POINT('',(-9.13118189,-8.4546133373,2.4124376161));
#3561=CARTESIAN_POINT('',(-9.1677769499,-8.4540804009,2.3761677439));
#3562=CARTESIAN_POINT('',(-9.2288325885,-8.4483764836,2.2949094648));
#3563=CARTESIAN_POINT('',(-9.2532844515,-8.443206267,2.249932672));
#3564=CARTESIAN_POINT('',(-9.287797933,-8.4286957482,2.1554021018));
#3565=CARTESIAN_POINT('',(-9.2978546169,-8.4193574869,2.105861832));
#3566=CARTESIAN_POINT('',(-9.3002501008,-8.4083619044,2.0563144828));
#3567=CARTESIAN_POINT('',(-8.85,-8.1539256887,2.6037822155));
#3568=CARTESIAN_POINT('',(-8.9015777455,-8.1591335235,2.6025848825));
#3569=CARTESIAN_POINT('',(-8.9531476611,-8.1625386019,2.5935502613));
#3570=CARTESIAN_POINT('',(-9.0514062226,-8.165406761,2.5606619795));
#3571=CARTESIAN_POINT('',(-9.0980799506,-8.1648693083,2.5368133296));
#3572=CARTESIAN_POINT('',(-9.1821122043,-8.159888172,2.476559298));
#3573=CARTESIAN_POINT('',(-9.2194579674,-8.1554451603,2.4401630749));
#3574=CARTESIAN_POINT('',(-9.2812839647,-8.1430623166,2.3582673953));
#3575=CARTESIAN_POINT('',(-9.3057548014,-8.1351243026,2.3127803769));
#3576=CARTESIAN_POINT('',(-9.3395011046,-8.1164968147,2.2170201024));
#3577=CARTESIAN_POINT('',(-9.3487714299,-8.1058101359,2.1667613851));
#3578=CARTESIAN_POINT('',(-9.35,-8.0942534031,2.1164950369));
#3579=CARTESIAN_POINT('',(-8.85,-7.8921263009,2.6639724955));
#3580=CARTESIAN_POINT('',(-8.9023598776,-7.8921263009,2.6639724955));
#3581=CARTESIAN_POINT('',(-8.9547112944,-7.890268438,2.6558916662));
#3582=CARTESIAN_POINT('',(-9.0543056999,-7.8830176751,2.6243542607));
#3583=CARTESIAN_POINT('',(-9.1015325954,-7.8776259469,2.6009027806));
#3584=CARTESIAN_POINT('',(-9.1862526569,-7.8638341764,2.5409150706));
#3585=CARTESIAN_POINT('',(-9.2237321333,-7.8554363628,2.5043885339));
#3586=CARTESIAN_POINT('',(-9.285284861,-7.8364536193,2.4218225344));
#3587=CARTESIAN_POINT('',(-9.3093481662,-7.8258717567,2.3757964131));
#3588=CARTESIAN_POINT('',(-9.3417083501,-7.8035562034,2.2787342594));
#3589=CARTESIAN_POINT('',(-9.35,-7.7918261184,2.227713911));
#3590=CARTESIAN_POINT('',(-9.35,-7.7800941377,2.176685317));
#3591=B_SPLINE_SURFACE_WITH_KNOTS('',3,3,((#3447,#3448,#3449,#3450,#3451,#3452,#3453,#3454,#3455,#3456,#3457,#3458),
    (#3459,#3460,#3461,#3462,#3463,#3464,#3465,#3466,#3467,#3468,#3469,#3470),
    (#3471,#3472,#3473,#3474,#3475,#3476,#3477,#3478,#3479,#3480,#3481,#3482),
    (#3483,#3484,#3485,#3486,#3487,#3488,#3489,#3490,#3491,#3492,#3493,#3494),
    (#3495,#3496,#3497,#3498,#3499,#3500,#3501,#3502,#3503,#3504,#3505,#3506),
    (#3507,#3508,#3509,#3510,#3511,#3512,#3513,#3514,#3515,#3516,#3517,#3518),
    (#3519,#3520,#3521,#3522,#3523,#3524,#3525,#3526,#3527,#3528,#3529,#3530),
    (#3531,#3532,#3533,#3534,#3535,#3536,#3537,#3538,#3539,#3540,#3541,#3542),
    (#3543,#3544,#3545,#3546,#3547,#3548,#3549,#3550,#3551,#3552,#3553,#3554),
    (#3555,#3556,#3557,#3558,#3559,#3560,#3561,#3562,#3563,#3564,#3565,#3566),
    (#3567,#3568,#3569,#3570,#3571,#3572,#3573,#3574,#3575,#3576,#3577,#3578),
    (#3579,#3580,#3581,#3582,#3583,#3584,#3585,#3586,#3587,#3588,#3589,#3590)),.UNSPECIFIED.,.F.,.F.,.U.,
 (4,2,2,2,2,4),(4,2,2,2,2,4),(0.0,0.2,0.4,0.6,0.8,1.0),(0.0,0.2,0.4,0.6,0.8,1.0),.UNSPECIFIED.);
#3592=ADVANCED_FACE('n° 4507',(#3446),#3591,.T.);
#3593=ORIENTED_EDGE('',*,*,#3424,.T.);
#3594=ORIENTED_EDGE('',*,*,#654,.F.);
#3595=CARTESIAN_POINT('',(6.35,11.2447268346,6.5506806563));
#3596=DIRECTION('',(1.0,0.0,-0.0));
#3597=DIRECTION('',(-0.0,0.0,-1.0));
#3598=AXIS2_PLACEMENT_3D('',#3595,#3596,#3597);
#3599=CIRCLE('',#3598,0.5);
#3600=EDGE_CURVE('n° 4536',#2808,#640,#3599,.T.);
#3601=ORIENTED_EDGE('',*,*,#3600,.F.);
#3602=ORIENTED_EDGE('',*,*,#2813,.F.);
#3603=EDGE_LOOP('',(#3593,#3594,#3601,#3602));
#3604=FACE_OUTER_BOUND('',#3603,.T.);
#3605=CARTESIAN_POINT('',(9.35,11.2447268346,6.5506806563));
#3606=DIRECTION('',(-1.0,0.0,0.0));
#3607=DIRECTION('',(0.0,0.0,1.0));
#3608=AXIS2_PLACEMENT_3D('',#3605,#3606,#3607);
#3609=CYLINDRICAL_SURFACE('',#3608,0.5);
#3610=ADVANCED_FACE('n° 4509',(#3604),#3609,.T.);
#3611=ORIENTED_EDGE('',*,*,#3442,.T.);
#3612=ORIENTED_EDGE('',*,*,#2720,.F.);
#3613=CARTESIAN_POINT('',(6.35,-10.2800941377,1.6019104813));
#3614=DIRECTION('',(1.0,0.0,0.0));
#3615=DIRECTION('',(0.0,0.0,-1.0));
#3616=AXIS2_PLACEMENT_3D('',#3613,#3614,#3615);
#3617=CIRCLE('',#3616,0.5);
#3618=EDGE_CURVE('n° 4539',#621,#2707,#3617,.T.);
#3619=ORIENTED_EDGE('',*,*,#3618,.F.);
#3620=ORIENTED_EDGE('',*,*,#686,.F.);
#3621=EDGE_LOOP('',(#3611,#3612,#3619,#3620));
#3622=FACE_OUTER_BOUND('',#3621,.T.);
#3623=CARTESIAN_POINT('',(-9.35,-10.2800941377,1.6019104813));
#3624=DIRECTION('',(1.0,0.0,0.0));
#3625=DIRECTION('',(0.0,0.0,-1.0));
#3626=AXIS2_PLACEMENT_3D('',#3623,#3624,#3625);
#3627=CYLINDRICAL_SURFACE('',#3626,0.5);
#3628=ADVANCED_FACE('n° 4511',(#3622),#3627,.T.);
#3629=ORIENTED_EDGE('',*,*,#3600,.T.);
#3630=ORIENTED_EDGE('',*,*,#646,.F.);
#3631=CARTESIAN_POINT('',(8.85,8.8082909417,5.9905198403));
#3632=DIRECTION('',(0.0,-0.9745743572,-0.2240643264));
#3633=DIRECTION('',(0.0,0.2240643264,-0.9745743572));
#3634=AXIS2_PLACEMENT_3D('',#3631,#3632,#3633);
#3635=CIRCLE('',#3634,0.5);
#3636=EDGE_CURVE('n° 4542',#2769,#632,#3635,.T.);
#3637=ORIENTED_EDGE('',*,*,#3636,.F.);
#3638=ORIENTED_EDGE('',*,*,#2872,.F.);
#3639=EDGE_LOOP('',(#3629,#3630,#3637,#3638));
#3640=FACE_OUTER_BOUND('',#3639,.T.);
#3641=CARTESIAN_POINT('',(6.35,8.8082909417,5.9905198403));
#3642=DIRECTION('',(0.0,0.2240643264,-0.9745743572));
#3643=DIRECTION('',(0.0,0.9745743572,0.2240643264));
#3644=AXIS2_PLACEMENT_3D('',#3641,#3642,#3643);
#3645=TOROIDAL_SURFACE('',#3644,2.5,0.5);
#3646=ADVANCED_FACE('n° 4513',(#3640),#3645,.T.);
#3647=ORIENTED_EDGE('',*,*,#3618,.T.);
#3648=ORIENTED_EDGE('',*,*,#2854,.F.);
#3649=CARTESIAN_POINT('',(8.85,-7.7800941377,2.176685317));
#3650=DIRECTION('',(-0.0,0.9745743572,0.2240643264));
#3651=DIRECTION('',(0.0,-0.2240643264,0.9745743572));
#3652=AXIS2_PLACEMENT_3D('',#3649,#3650,#3651);
#3653=CIRCLE('',#3652,0.5);
#3654=EDGE_CURVE('n° 4544',#623,#2777,#3653,.T.);
#3655=ORIENTED_EDGE('',*,*,#3654,.F.);
#3656=ORIENTED_EDGE('',*,*,#629,.F.);
#3657=EDGE_LOOP('',(#3647,#3648,#3655,#3656));
#3658=FACE_OUTER_BOUND('',#3657,.T.);
#3659=CARTESIAN_POINT('',(8.85,-7.8921263009,2.6639724955));
#3660=CARTESIAN_POINT('',(8.9023598776,-7.8921263009,2.6639724955));
#3661=CARTESIAN_POINT('',(8.9547112944,-7.890268438,2.6558916662));
#3662=CARTESIAN_POINT('',(9.0543056999,-7.8830176751,2.6243542607));
#3663=CARTESIAN_POINT('',(9.1015325954,-7.8776259469,2.6009027806));
#3664=CARTESIAN_POINT('',(9.1862526569,-7.8638341764,2.5409150706));
#3665=CARTESIAN_POINT('',(9.2237321333,-7.8554363628,2.5043885339));
#3666=CARTESIAN_POINT('',(9.285284861,-7.8364536193,2.4218225344));
#3667=CARTESIAN_POINT('',(9.3093481662,-7.8258717567,2.3757964131));
#3668=CARTESIAN_POINT('',(9.3417083501,-7.8035562034,2.2787342594));
#3669=CARTESIAN_POINT('',(9.35,-7.7918261184,2.227713911));
#3670=CARTESIAN_POINT('',(9.35,-7.7800941377,2.176685317));
#3671=CARTESIAN_POINT('',(8.85,-8.1539256887,2.6037822155));
#3672=CARTESIAN_POINT('',(8.9015777455,-8.1591335235,2.6025848825));
#3673=CARTESIAN_POINT('',(8.9531476611,-8.1625386019,2.5935502613));
#3674=CARTESIAN_POINT('',(9.0514062226,-8.165406761,2.5606619795));
#3675=CARTESIAN_POINT('',(9.0980799506,-8.1648693083,2.5368133296));
#3676=CARTESIAN_POINT('',(9.1821122043,-8.159888172,2.476559298));
#3677=CARTESIAN_POINT('',(9.2194579674,-8.1554451603,2.4401630749));
#3678=CARTESIAN_POINT('',(9.2812839647,-8.1430623166,2.3582673953));
#3679=CARTESIAN_POINT('',(9.3057548014,-8.1351243026,2.3127803769));
#3680=CARTESIAN_POINT('',(9.3395011046,-8.1164968147,2.2170201024));
#3681=CARTESIAN_POINT('',(9.3487714299,-8.1058101359,2.1667613851));
#3682=CARTESIAN_POINT('',(9.35,-8.0942534031,2.1164950369));
#3683=CARTESIAN_POINT('',(8.8085417507,-8.4156827731,2.5436016614));
#3684=CARTESIAN_POINT('',(8.858516978,-8.4258586172,2.5412621338));
#3685=CARTESIAN_POINT('',(8.9084850776,-8.434285666,2.5313230005));
#3686=CARTESIAN_POINT('',(9.0038362299,-8.4468582871,2.4971580287));
#3687=CARTESIAN_POINT('',(9.0492056823,-8.4510019901,2.4729370847));
#3688=CARTESIAN_POINT('',(9.13118189,-8.4546133373,2.4124376161));
#3689=CARTESIAN_POINT('',(9.1677769499,-8.4540804009,2.3761677439));
#3690=CARTESIAN_POINT('',(9.2288325885,-8.4483764836,2.2949094648));
#3691=CARTESIAN_POINT('',(9.2532844515,-8.443206267,2.249932672));
#3692=CARTESIAN_POINT('',(9.287797933,-8.4286957482,2.1554021018));
#3693=CARTESIAN_POINT('',(9.2978546169,-8.4193574869,2.105861832));
#3694=CARTESIAN_POINT('',(9.3002501008,-8.4083619044,2.0563144828));
#3695=CARTESIAN_POINT('',(8.6467408308,-8.9136548006,2.4291129453));
#3696=CARTESIAN_POINT('',(8.6921954634,-8.9329292946,2.4246815477));
#3697=CARTESIAN_POINT('',(8.7376443443,-8.950555833,2.4130936898));
#3698=CARTESIAN_POINT('',(8.824611504,-8.9809787216,2.3766079485));
#3699=CARTESIAN_POINT('',(8.8661187771,-8.9937711385,2.3517147057));
#3700=CARTESIAN_POINT('',(8.941601153,-9.0134018403,2.2907781599));
#3701=CARTESIAN_POINT('',(8.9755667004,-9.0202375692,2.2547425936));
#3702=CARTESIAN_POINT('',(9.0330166556,-9.0273498054,2.1746486342));
#3703=CARTESIAN_POINT('',(9.0564937853,-9.0276253585,2.1306004031));
#3704=CARTESIAN_POINT('',(9.0909261165,-9.0215844152,2.038304272));
#3705=CARTESIAN_POINT('',(9.1018769475,-9.0152686516,1.9900680786));
#3706=CARTESIAN_POINT('',(9.1060889969,-9.0059283373,1.9418257667));
#3707=CARTESIAN_POINT('',(8.5264243051,-9.1497892778,2.3748232832));
#3708=CARTESIAN_POINT('',(8.5689624769,-9.1731956983,2.3694419146));
#3709=CARTESIAN_POINT('',(8.6114955711,-9.1950010374,2.3571095415));
#3710=CARTESIAN_POINT('',(8.6929890973,-9.2335715896,2.3195792365));
#3711=CARTESIAN_POINT('',(8.7319398014,-9.2503321368,2.294385808));
#3712=CARTESIAN_POINT('',(8.8029864716,-9.2773895674,2.2332574475));
#3713=CARTESIAN_POINT('',(8.8350739554,-9.2876831681,2.1973298426));
#3714=CARTESIAN_POINT('',(8.8896891446,-9.3009295737,2.1177629935));
#3715=CARTESIAN_POINT('',(8.912210327,-9.3038807576,2.0741332826));
#3716=CARTESIAN_POINT('',(8.9457926528,-9.3021861209,1.9828423616));
#3717=CARTESIAN_POINT('',(8.9568497815,-9.2975404787,1.9351920873));
#3718=CARTESIAN_POINT('',(8.9617091662,-9.28928971,1.8875361046));
#3719=CARTESIAN_POINT('',(8.2186606667,-9.5733895855,2.2774333643));
#3720=CARTESIAN_POINT('',(8.254400447,-9.6040001644,2.2703956881));
#3721=CARTESIAN_POINT('',(8.2901363967,-9.6330925986,2.2567700021));
#3722=CARTESIAN_POINT('',(8.3587623015,-9.6859167224,2.2174290097));
#3723=CARTESIAN_POINT('',(8.3916449006,-9.7096426768,2.191717948));
#3724=CARTESIAN_POINT('',(8.4519374866,-9.7498255922,2.1302626131));
#3725=CARTESIAN_POINT('',(8.479341009,-9.7662781835,2.094524963));
#3726=CARTESIAN_POINT('',(8.5264854158,-9.7905888972,2.0158752702));
#3727=CARTESIAN_POINT('',(8.5462212427,-9.7984443666,1.9729716996));
#3728=CARTESIAN_POINT('',(8.5764515809,-9.8049247292,1.8834227261));
#3729=CARTESIAN_POINT('',(8.5869428449,-9.8035488994,1.8367869673));
#3730=CARTESIAN_POINT('',(8.5923928001,-9.7976100792,1.7901461857));
#3731=CARTESIAN_POINT('',(8.0312632846,-9.7607869676,2.2343488445));
#3732=CARTESIAN_POINT('',(8.0631216924,-9.7944709711,2.2266045574));
#3733=CARTESIAN_POINT('',(8.0949768437,-9.826672893,2.2124298067));
#3734=CARTESIAN_POINT('',(8.1562099723,-9.8856047422,2.1723222748));
#3735=CARTESIAN_POINT('',(8.1855816904,-9.9123285951,2.1463936169));
#3736=CARTESIAN_POINT('',(8.2395573298,-9.9582104207,2.084802987));
#3737=CARTESIAN_POINT('',(8.2641557334,-9.977363661,2.0491473434));
#3738=CARTESIAN_POINT('',(8.306665715,-10.0066020851,1.9708878696));
#3739=CARTESIAN_POINT('',(8.3245729465,-10.0166842489,1.9282920787));
#3740=CARTESIAN_POINT('',(8.3523027246,-10.0269876768,1.8394802478));
#3741=CARTESIAN_POINT('',(8.3621224347,-10.0272078695,1.7932733301));
#3742=CARTESIAN_POINT('',(8.3675159415,-10.0224869378,1.7470616659));
#3743=CARTESIAN_POINT('',(7.6076629769,-10.0685506061,2.1635909266));
#3744=CARTESIAN_POINT('',(7.6311311411,-10.107193974,2.1547064324));
#3745=CARTESIAN_POINT('',(7.6545970977,-10.1444139729,2.1396477704));
#3746=CARTESIAN_POINT('',(7.699777725,-10.2132225241,2.0983078899));
#3747=CARTESIAN_POINT('',(7.7214881455,-10.2448045354,2.072030592));
#3748=CARTESIAN_POINT('',(7.76153294,-10.299960684,2.0102248521));
#3749=CARTESIAN_POINT('',(7.7798635465,-10.3235295754,1.9747022683));
#3750=CARTESIAN_POINT('',(7.8117763792,-10.3608846837,1.8970716382));
#3751=CARTESIAN_POINT('',(7.8253556019,-10.3746673441,1.8549709482));
#3752=CARTESIAN_POINT('',(7.8467483843,-10.3914102901,1.7673439908));
#3753=CARTESIAN_POINT('',(7.8545599291,-10.3943689761,1.7218260259));
#3754=CARTESIAN_POINT('',(7.8591955723,-10.3918033039,1.676303748));
#3755=CARTESIAN_POINT('',(7.3715284997,-10.1888671317,2.1359289621));
#3756=CARTESIAN_POINT('',(7.3904877517,-10.2293972603,2.1266106829));
#3757=CARTESIAN_POINT('',(7.409445272,-10.2685266713,2.1112169952));
#3758=CARTESIAN_POINT('',(7.4459663848,-10.3411054754,2.0694110313));
#3759=CARTESIAN_POINT('',(7.4635266416,-10.3745481993,2.0430025943));
#3760=CARTESIAN_POINT('',(7.4959585691,-10.4332799314,1.9811169559));
#3761=CARTESIAN_POINT('',(7.5108272773,-10.4585635421,1.9456454371));
#3762=CARTESIAN_POINT('',(7.5367795988,-10.499105989,1.8682535495));
#3763=CARTESIAN_POINT('',(7.5478608413,-10.5143610982,1.8263402865));
#3764=CARTESIAN_POINT('',(7.5654206862,-10.5337164447,1.7391613259));
#3765=CARTESIAN_POINT('',(7.5718976844,-10.5378149011,1.6939036325));
#3766=CARTESIAN_POINT('',(7.5758341996,-10.5361831347,1.6486417835));
#3767=CARTESIAN_POINT('',(6.8735564722,-10.3506680516,2.0987293232));
#3768=CARTESIAN_POINT('',(6.883190179,-10.3937199733,2.0888312588));
#3769=CARTESIAN_POINT('',(6.8928230482,-10.4354015445,2.0729901548));
#3770=CARTESIAN_POINT('',(6.9113975561,-10.5130233753,2.0305620462));
#3771=CARTESIAN_POINT('',(6.9203375798,-10.5489568074,2.0039787713));
#3772=CARTESIAN_POINT('',(6.9368831944,-10.612481782,1.9419869089));
#3773=CARTESIAN_POINT('',(6.9444873466,-10.6400677363,1.9065837704));
#3774=CARTESIAN_POINT('',(6.9578139706,-10.6849004548,1.8295108312));
#3775=CARTESIAN_POINT('',(6.9635352833,-10.7021432742,1.7878478045));
#3776=CARTESIAN_POINT('',(6.9726842881,-10.7250401745,1.7012668096));
#3777=CARTESIAN_POINT('',(6.9761111842,-10.7306922395,1.6563564508));
#3778=CARTESIAN_POINT('',(6.9782677667,-10.7303442385,1.6114421447));
#3779=CARTESIAN_POINT('',(6.6117993878,-10.3921263009,2.0891976599));
#3780=CARTESIAN_POINT('',(6.6166161415,-10.4358136587,2.0791535023));
#3781=CARTESIAN_POINT('',(6.6214324765,-10.4781383832,2.0631999209));
#3782=CARTESIAN_POINT('',(6.6307196309,-10.5570336213,2.0206156195));
#3783=CARTESIAN_POINT('',(6.6351896431,-10.5935972773,1.9939886008));
#3784=CARTESIAN_POINT('',(6.6434626436,-10.6583400063,1.9319703746));
#3785=CARTESIAN_POINT('',(6.6472649128,-10.6865134519,1.8965845579));
#3786=CARTESIAN_POINT('',(6.6539288819,-10.7324482888,1.8195918823));
#3787=CARTESIAN_POINT('',(6.6567900026,-10.7502056874,1.7779917158));
#3788=CARTESIAN_POINT('',(6.6613657619,-10.7740296473,1.691560817));
#3789=CARTESIAN_POINT('',(6.6630800027,-10.7800941377,1.6467375973));
#3790=CARTESIAN_POINT('',(6.6641592654,-10.7800941377,1.6019104813));
#3791=CARTESIAN_POINT('',(6.35,-10.3921263009,2.0891976599));
#3792=CARTESIAN_POINT('',(6.35,-10.4358136587,2.0791535023));
#3793=CARTESIAN_POINT('',(6.35,-10.4781383832,2.0631999209));
#3794=CARTESIAN_POINT('',(6.35,-10.5570336213,2.0206156195));
#3795=CARTESIAN_POINT('',(6.35,-10.5935972773,1.9939886008));
#3796=CARTESIAN_POINT('',(6.35,-10.6583400063,1.9319703746));
#3797=CARTESIAN_POINT('',(6.35,-10.6865134519,1.8965845579));
#3798=CARTESIAN_POINT('',(6.35,-10.7324482888,1.8195918823));
#3799=CARTESIAN_POINT('',(6.35,-10.7502056874,1.7779917158));
#3800=CARTESIAN_POINT('',(6.35,-10.7740296473,1.691560817));
#3801=CARTESIAN_POINT('',(6.35,-10.7800941377,1.6467375973));
#3802=CARTESIAN_POINT('',(6.35,-10.7800941377,1.6019104813));
#3803=B_SPLINE_SURFACE_WITH_KNOTS('',3,3,((#3659,#3660,#3661,#3662,#3663,#3664,#3665,#3666,#3667,#3668,#3669,#3670),
    (#3671,#3672,#3673,#3674,#3675,#3676,#3677,#3678,#3679,#3680,#3681,#3682),
    (#3683,#3684,#3685,#3686,#3687,#3688,#3689,#3690,#3691,#3692,#3693,#3694),
    (#3695,#3696,#3697,#3698,#3699,#3700,#3701,#3702,#3703,#3704,#3705,#3706),
    (#3707,#3708,#3709,#3710,#3711,#3712,#3713,#3714,#3715,#3716,#3717,#3718),
    (#3719,#3720,#3721,#3722,#3723,#3724,#3725,#3726,#3727,#3728,#3729,#3730),
    (#3731,#3732,#3733,#3734,#3735,#3736,#3737,#3738,#3739,#3740,#3741,#3742),
    (#3743,#3744,#3745,#3746,#3747,#3748,#3749,#3750,#3751,#3752,#3753,#3754),
    (#3755,#3756,#3757,#3758,#3759,#3760,#3761,#3762,#3763,#3764,#3765,#3766),
    (#3767,#3768,#3769,#3770,#3771,#3772,#3773,#3774,#3775,#3776,#3777,#3778),
    (#3779,#3780,#3781,#3782,#3783,#3784,#3785,#3786,#3787,#3788,#3789,#3790),
    (#3791,#3792,#3793,#3794,#3795,#3796,#3797,#3798,#3799,#3800,#3801,#3802)),.UNSPECIFIED.,.F.,.F.,.U.,
 (4,2,2,2,2,4),(4,2,2,2,2,4),(0.0,0.2,0.4,0.6,0.8,1.0),(0.0,0.2,0.4,0.6,0.8,1.0),.UNSPECIFIED.);
#3804=ADVANCED_FACE('n° 4515',(#3658),#3803,.T.);
#3805=ORIENTED_EDGE('',*,*,#3636,.T.);
#3806=ORIENTED_EDGE('',*,*,#637,.F.);
#3807=ORIENTED_EDGE('',*,*,#3654,.T.);
#3808=ORIENTED_EDGE('',*,*,#2782,.F.);
#3809=EDGE_LOOP('',(#3805,#3806,#3807,#3808));
#3810=FACE_OUTER_BOUND('',#3809,.T.);
#3811=CARTESIAN_POINT('',(8.85,11.7320140132,6.6627128195));
#3812=DIRECTION('',(0.0,0.9745743572,0.2240643264));
#3813=DIRECTION('',(0.0,-0.2240643264,0.9745743572));
#3814=AXIS2_PLACEMENT_3D('',#3811,#3812,#3813);
#3815=CYLINDRICAL_SURFACE('',#3814,0.5);
#3816=ADVANCED_FACE('n° 4517',(#3810),#3815,.T.);
#3817=CARTESIAN_POINT('',(11.6,-15.25,1.5));
#3818=DIRECTION('',(-1.0,0.0,0.0));
#3819=DIRECTION('',(0.0,0.0,1.0));
#3820=AXIS2_PLACEMENT_3D('',#3817,#3818,#3819);
#3821=CIRCLE('',#3820,0.5);
#3822=EDGE_CURVE('n° 4626',#1496,#1598,#3821,.T.);
#3823=ORIENTED_EDGE('',*,*,#3822,.F.);
#3824=ORIENTED_EDGE('',*,*,#1532,.F.);
#3825=CARTESIAN_POINT('',(12.1,-14.75,1.5));
#3826=DIRECTION('',(0.0,1.0,0.0));
#3827=DIRECTION('',(0.0,-0.0,1.0));
#3828=AXIS2_PLACEMENT_3D('',#3825,#3826,#3827);
#3829=CIRCLE('',#3828,0.5);
#3830=EDGE_CURVE('n° 4623',#1606,#1520,#3829,.T.);
#3831=ORIENTED_EDGE('',*,*,#3830,.F.);
#3832=ORIENTED_EDGE('',*,*,#1612,.F.);
#3833=EDGE_LOOP('',(#3823,#3824,#3831,#3832));
#3834=FACE_OUTER_BOUND('',#3833,.T.);
#3835=CARTESIAN_POINT('',(11.6,-14.75,1.5));
#3836=DIRECTION('',(0.0,0.0,1.0));
#3837=DIRECTION('',(1.0,0.0,-0.0));
#3838=AXIS2_PLACEMENT_3D('',#3835,#3836,#3837);
#3839=TOROIDAL_SURFACE('',#3838,0.5,0.5);
#3840=ADVANCED_FACE('n° 4602',(#3834),#3839,.T.);
#3841=ORIENTED_EDGE('',*,*,#3830,.T.);
#3842=ORIENTED_EDGE('',*,*,#1549,.F.);
#3843=CARTESIAN_POINT('',(12.1,14.75,1.5));
#3844=DIRECTION('',(0.0,1.0,0.0));
#3845=DIRECTION('',(0.0,-0.0,1.0));
#3846=AXIS2_PLACEMENT_3D('',#3843,#3844,#3845);
#3847=CIRCLE('',#3846,0.5);
#3848=EDGE_CURVE('n° 4629',#1615,#1374,#3847,.T.);
#3849=ORIENTED_EDGE('',*,*,#3848,.F.);
#3850=ORIENTED_EDGE('',*,*,#1620,.F.);
#3851=EDGE_LOOP('',(#3841,#3842,#3849,#3850));
#3852=FACE_OUTER_BOUND('',#3851,.T.);
#3853=CARTESIAN_POINT('',(12.1,14.75,1.5));
#3854=DIRECTION('',(0.0,-1.0,0.0));
#3855=DIRECTION('',(0.0,-0.0,-1.0));
#3856=AXIS2_PLACEMENT_3D('',#3853,#3854,#3855);
#3857=CYLINDRICAL_SURFACE('',#3856,0.5);
#3858=ADVANCED_FACE('n° 4604',(#3852),#3857,.T.);
#3859=ORIENTED_EDGE('',*,*,#3822,.T.);
#3860=ORIENTED_EDGE('',*,*,#1603,.F.);
#3861=CARTESIAN_POINT('',(-11.6,-15.25,1.5));
#3862=DIRECTION('',(-1.0,0.0,0.0));
#3863=DIRECTION('',(0.0,0.0,1.0));
#3864=AXIS2_PLACEMENT_3D('',#3861,#3862,#3863);
#3865=CIRCLE('',#3864,0.5);
#3866=EDGE_CURVE('n° 4632',#1471,#1589,#3865,.T.);
#3867=ORIENTED_EDGE('',*,*,#3866,.F.);
#3868=ORIENTED_EDGE('',*,*,#1507,.F.);
#3869=EDGE_LOOP('',(#3859,#3860,#3867,#3868));
#3870=FACE_OUTER_BOUND('',#3869,.T.);
#3871=CARTESIAN_POINT('',(11.6,-15.25,1.5));
#3872=DIRECTION('',(-1.0,-0.0,0.0));
#3873=DIRECTION('',(0.0,-1.0,0.0));
#3874=AXIS2_PLACEMENT_3D('',#3871,#3872,#3873);
#3875=CYLINDRICAL_SURFACE('',#3874,0.5);
#3876=ADVANCED_FACE('n° 4606',(#3870),#3875,.T.);
#3877=ORIENTED_EDGE('',*,*,#3848,.T.);
#3878=ORIENTED_EDGE('',*,*,#1380,.F.);
#3879=CARTESIAN_POINT('',(11.6,15.25,1.5));
#3880=DIRECTION('',(-1.0,0.0,0.0));
#3881=DIRECTION('',(0.0,0.0,1.0));
#3882=AXIS2_PLACEMENT_3D('',#3879,#3880,#3881);
#3883=CIRCLE('',#3882,0.5);
#3884=EDGE_CURVE('n° 4635',#1562,#1366,#3883,.T.);
#3885=ORIENTED_EDGE('',*,*,#3884,.F.);
#3886=ORIENTED_EDGE('',*,*,#1627,.F.);
#3887=EDGE_LOOP('',(#3877,#3878,#3885,#3886));
#3888=FACE_OUTER_BOUND('',#3887,.T.);
#3889=CARTESIAN_POINT('',(11.6,14.75,1.5));
#3890=DIRECTION('',(0.0,0.0,1.0));
#3891=DIRECTION('',(1.0,0.0,-0.0));
#3892=AXIS2_PLACEMENT_3D('',#3889,#3890,#3891);
#3893=TOROIDAL_SURFACE('',#3892,0.5,0.5);
#3894=ADVANCED_FACE('n° 4608',(#3888),#3893,.T.);
#3895=ORIENTED_EDGE('',*,*,#3866,.T.);
#3896=ORIENTED_EDGE('',*,*,#1595,.F.);
#3897=CARTESIAN_POINT('',(-12.1,-14.75,1.5));
#3898=DIRECTION('',(-0.0,1.0,0.0));
#3899=DIRECTION('',(-1.0,-0.0,0.0));
#3900=AXIS2_PLACEMENT_3D('',#3897,#3898,#3899);
#3901=CIRCLE('',#3900,0.5);
#3902=EDGE_CURVE('n° 4638',#1447,#1581,#3901,.T.);
#3903=ORIENTED_EDGE('',*,*,#3902,.F.);
#3904=ORIENTED_EDGE('',*,*,#1483,.F.);
#3905=EDGE_LOOP('',(#3895,#3896,#3903,#3904));
#3906=FACE_OUTER_BOUND('',#3905,.T.);
#3907=CARTESIAN_POINT('',(-11.6,-14.75,1.5));
#3908=DIRECTION('',(0.0,0.0,1.0));
#3909=DIRECTION('',(1.0,0.0,-0.0));
#3910=AXIS2_PLACEMENT_3D('',#3907,#3908,#3909);
#3911=TOROIDAL_SURFACE('',#3910,0.5,0.5);
#3912=ADVANCED_FACE('n° 4610',(#3906),#3911,.T.);
#3913=ORIENTED_EDGE('',*,*,#3884,.T.);
#3914=ORIENTED_EDGE('',*,*,#1409,.F.);
#3915=CARTESIAN_POINT('',(-11.6,15.25,1.5));
#3916=DIRECTION('',(-1.0,0.0,0.0));
#3917=DIRECTION('',(0.0,0.0,1.0));
#3918=AXIS2_PLACEMENT_3D('',#3915,#3916,#3917);
#3919=CIRCLE('',#3918,0.5);
#3920=EDGE_CURVE('n° 4641',#1564,#1398,#3919,.T.);
#3921=ORIENTED_EDGE('',*,*,#3920,.F.);
#3922=ORIENTED_EDGE('',*,*,#1569,.F.);
#3923=EDGE_LOOP('',(#3913,#3914,#3921,#3922));
#3924=FACE_OUTER_BOUND('',#3923,.T.);
#3925=CARTESIAN_POINT('',(11.6,15.25,1.5));
#3926=DIRECTION('',(1.0,0.0,-0.0));
#3927=DIRECTION('',(-0.0,1.0,0.0));
#3928=AXIS2_PLACEMENT_3D('',#3925,#3926,#3927);
#3929=CYLINDRICAL_SURFACE('',#3928,0.5);
#3930=ADVANCED_FACE('n° 4612',(#3924),#3929,.T.);
#3931=ORIENTED_EDGE('',*,*,#3902,.T.);
#3932=ORIENTED_EDGE('',*,*,#1586,.F.);
#3933=CARTESIAN_POINT('',(-12.1,14.75,1.5));
#3934=DIRECTION('',(0.0,1.0,-0.0));
#3935=DIRECTION('',(0.0,0.0,1.0));
#3936=AXIS2_PLACEMENT_3D('',#3933,#3934,#3935);
#3937=CIRCLE('',#3936,0.5);
#3938=EDGE_CURVE('n° 4643',#1422,#1572,#3937,.T.);
#3939=ORIENTED_EDGE('',*,*,#3938,.F.);
#3940=ORIENTED_EDGE('',*,*,#1458,.F.);
#3941=EDGE_LOOP('',(#3931,#3932,#3939,#3940));
#3942=FACE_OUTER_BOUND('',#3941,.T.);
#3943=CARTESIAN_POINT('',(-12.1,14.75,1.5));
#3944=DIRECTION('',(-0.0,1.0,0.0));
#3945=DIRECTION('',(-1.0,-0.0,0.0));
#3946=AXIS2_PLACEMENT_3D('',#3943,#3944,#3945);
#3947=CYLINDRICAL_SURFACE('',#3946,0.5);
#3948=ADVANCED_FACE('n° 4614',(#3942),#3947,.T.);
#3949=ORIENTED_EDGE('',*,*,#3920,.T.);
#3950=ORIENTED_EDGE('',*,*,#1434,.F.);
#3951=ORIENTED_EDGE('',*,*,#3938,.T.);
#3952=ORIENTED_EDGE('',*,*,#1578,.F.);
#3953=EDGE_LOOP('',(#3949,#3950,#3951,#3952));
#3954=FACE_OUTER_BOUND('',#3953,.T.);
#3955=CARTESIAN_POINT('',(-11.6,14.75,1.5));
#3956=DIRECTION('',(0.0,0.0,1.0));
#3957=DIRECTION('',(1.0,0.0,-0.0));
#3958=AXIS2_PLACEMENT_3D('',#3955,#3956,#3957);
#3959=TOROIDAL_SURFACE('',#3958,0.5,0.5);
#3960=ADVANCED_FACE('n° 4616',(#3954),#3959,.T.);
#3961=ORIENTED_EDGE('',*,*,#3064,.F.);
#3962=ORIENTED_EDGE('',*,*,#316,.F.);
#3963=ORIENTED_EDGE('',*,*,#3325,.F.);
#3964=ORIENTED_EDGE('',*,*,#396,.F.);
#3965=EDGE_LOOP('',(#3961,#3962,#3963,#3964));
#3966=FACE_OUTER_BOUND('',#3965,.T.);
#3967=CARTESIAN_POINT('',(9.95,14.8830558757,-4.0516127238));
#3968=DIRECTION('',(1.0,0.0,0.0));
#3969=DIRECTION('',(0.0,0.0,-1.0));
#3970=AXIS2_PLACEMENT_3D('',#3967,#3968,#3969);
#3971=CYLINDRICAL_SURFACE('',#3970,0.5);
#3972=ADVANCED_FACE('n° 4697',(#3966),#3971,.F.);
#3973=ORIENTED_EDGE('',*,*,#3353,.F.);
#3974=ORIENTED_EDGE('',*,*,#356,.F.);
#3975=ORIENTED_EDGE('',*,*,#3092,.F.);
#3976=ORIENTED_EDGE('',*,*,#436,.F.);
#3977=EDGE_LOOP('',(#3973,#3974,#3975,#3976));
#3978=FACE_OUTER_BOUND('',#3977,.T.);
#3979=CARTESIAN_POINT('',(9.95,14.8830558757,-4.0516127238));
#3980=DIRECTION('',(1.0,0.0,0.0));
#3981=DIRECTION('',(0.0,0.0,-1.0));
#3982=AXIS2_PLACEMENT_3D('',#3979,#3980,#3981);
#3983=CYLINDRICAL_SURFACE('',#3982,0.5);
#3984=ADVANCED_FACE('n° 4718',(#3978),#3983,.F.);
#3985=ORIENTED_EDGE('',*,*,#3054,.F.);
#3986=ORIENTED_EDGE('',*,*,#476,.F.);
#3987=ORIENTED_EDGE('',*,*,#3315,.F.);
#3988=ORIENTED_EDGE('',*,*,#556,.F.);
#3989=EDGE_LOOP('',(#3985,#3986,#3987,#3988));
#3990=FACE_OUTER_BOUND('',#3989,.T.);
#3991=CARTESIAN_POINT('',(9.95,15.6221066149,-4.0215053016));
#3992=DIRECTION('',(-1.0,0.0,0.0));
#3993=DIRECTION('',(0.0,0.0,1.0));
#3994=AXIS2_PLACEMENT_3D('',#3991,#3992,#3993);
#3995=CYLINDRICAL_SURFACE('',#3994,0.5);
#3996=ADVANCED_FACE('n° 4739',(#3990),#3995,.T.);
#3997=ORIENTED_EDGE('',*,*,#3343,.F.);
#3998=ORIENTED_EDGE('',*,*,#516,.F.);
#3999=ORIENTED_EDGE('',*,*,#3082,.F.);
#4000=ORIENTED_EDGE('',*,*,#596,.F.);
#4001=EDGE_LOOP('',(#3997,#3998,#3999,#4000));
#4002=FACE_OUTER_BOUND('',#4001,.T.);
#4003=CARTESIAN_POINT('',(9.95,15.6221066149,-4.0215053016));
#4004=DIRECTION('',(-1.0,0.0,0.0));
#4005=DIRECTION('',(0.0,0.0,1.0));
#4006=AXIS2_PLACEMENT_3D('',#4003,#4004,#4005);
#4007=CYLINDRICAL_SURFACE('',#4006,0.5);
#4008=ADVANCED_FACE('n° 4760',(#4002),#4007,.T.);
#4009=CLOSED_SHELL('Verrundung3',(
    #55,#95,#126,#157,#197,#237,#268,#299,#339,#379,
    #419,#459,#499,#539,#579,#619,#740,#844,#1009,#1210,
    #1241,#1272,#1340,#1352,#1364,#1396,#1420,#1445,#1469,#1494,
    #1518,#1543,#1560,#1706,#1718,#1730,#1770,#1792,#1809,#1826,
    #1838,#1869,#1909,#1933,#1966,#1988,#2019,#2059,#2083,#2116,
    #2138,#2169,#2209,#2233,#2266,#2288,#2319,#2359,#2383,#2416,
    #2438,#2469,#2500,#2531,#2562,#2672,#2705,#2736,#2767,#2798,
    #2829,#2847,#2865,#2884,#2903,#2915,#2927,#2939,#2951,#2963,
    #2975,#2987,#2999,#3011,#3023,#3035,#3047,#3075,#3103,#3117,
    #3131,#3162,#3186,#3210,#3227,#3239,#3267,#3279,#3299,#3308,
    #3336,#3364,#3378,#3392,#3416,#3434,#3592,#3610,#3628,#3646,
    #3804,#3816,#3840,#3858,#3876,#3894,#3912,#3930,#3948,#3960,
    #3972,#3984,#3996,#4008));
#4010=MANIFOLD_SOLID_BREP('Verrundung3',#4009);
#4011=COLOUR_RGB('',0.75294,0.0,0.0);
#4012=FILL_AREA_STYLE_COLOUR('',#4011);
#4013=FILL_AREA_STYLE('',(#4012));
#4014=SURFACE_STYLE_FILL_AREA(#4013);
#4015=SURFACE_SIDE_STYLE('',(#4014));
#4016=SURFACE_STYLE_USAGE(.BOTH.,#4015);
#4017=PRESENTATION_STYLE_ASSIGNMENT((#4016));
#4018=STYLED_ITEM('',(#4017),#4010);
#4019=COLOUR_RGB('',0.1098,0.1098,0.1098);
#4020=FILL_AREA_STYLE_COLOUR('',#4019);
#4021=FILL_AREA_STYLE('',(#4020));
#4022=SURFACE_STYLE_FILL_AREA(#4021);
#4023=SURFACE_SIDE_STYLE('',(#4022));
#4024=SURFACE_STYLE_USAGE(.BOTH.,#4023);
#4025=PRESENTATION_STYLE_ASSIGNMENT((#4024));
#4026=OVER_RIDING_STYLED_ITEM('',(#4025),#55,#4018);
#4027=OVER_RIDING_STYLED_ITEM('',(#4025),#95,#4018);
#4028=OVER_RIDING_STYLED_ITEM('',(#4025),#126,#4018);
#4029=OVER_RIDING_STYLED_ITEM('',(#4025),#157,#4018);
#4030=OVER_RIDING_STYLED_ITEM('',(#4025),#197,#4018);
#4031=OVER_RIDING_STYLED_ITEM('',(#4025),#237,#4018);
#4032=OVER_RIDING_STYLED_ITEM('',(#4025),#268,#4018);
#4033=OVER_RIDING_STYLED_ITEM('',(#4025),#299,#4018);
#4034=OVER_RIDING_STYLED_ITEM('',(#4025),#339,#4018);
#4035=OVER_RIDING_STYLED_ITEM('',(#4025),#379,#4018);
#4036=OVER_RIDING_STYLED_ITEM('',(#4025),#419,#4018);
#4037=OVER_RIDING_STYLED_ITEM('',(#4025),#459,#4018);
#4038=OVER_RIDING_STYLED_ITEM('',(#4025),#499,#4018);
#4039=OVER_RIDING_STYLED_ITEM('',(#4025),#539,#4018);
#4040=OVER_RIDING_STYLED_ITEM('',(#4025),#579,#4018);
#4041=OVER_RIDING_STYLED_ITEM('',(#4025),#619,#4018);
#4042=DRAUGHTING_PRE_DEFINED_COLOUR('red');
#4043=FILL_AREA_STYLE_COLOUR('',#4042);
#4044=FILL_AREA_STYLE('',(#4043));
#4045=SURFACE_STYLE_FILL_AREA(#4044);
#4046=SURFACE_STYLE_TRANSPARENT(0.02353);
#4047=SURFACE_STYLE_RENDERING_WITH_PROPERTIES(.NORMAL_SHADING.,#4042,(#4046));
#4048=SURFACE_SIDE_STYLE('',(#4045,#4047));
#4049=SURFACE_STYLE_USAGE(.BOTH.,#4048);
#4050=PRESENTATION_STYLE_ASSIGNMENT((#4049));
#4051=OVER_RIDING_STYLED_ITEM('',(#4050),#740,#4018);
#4052=OVER_RIDING_STYLED_ITEM('',(#4025),#844,#4018);
#4053=OVER_RIDING_STYLED_ITEM('',(#4025),#1009,#4018);
#4054=OVER_RIDING_STYLED_ITEM('',(#4025),#1210,#4018);
#4055=OVER_RIDING_STYLED_ITEM('',(#4025),#1241,#4018);
#4056=OVER_RIDING_STYLED_ITEM('',(#4025),#1272,#4018);
#4057=OVER_RIDING_STYLED_ITEM('',(#4025),#1340,#4018);
#4058=OVER_RIDING_STYLED_ITEM('',(#4025),#1352,#4018);
#4059=OVER_RIDING_STYLED_ITEM('',(#4025),#1364,#4018);
#4060=OVER_RIDING_STYLED_ITEM('',(#4025),#1396,#4018);
#4061=OVER_RIDING_STYLED_ITEM('',(#4025),#1420,#4018);
#4062=OVER_RIDING_STYLED_ITEM('',(#4025),#1445,#4018);
#4063=OVER_RIDING_STYLED_ITEM('',(#4025),#1469,#4018);
#4064=OVER_RIDING_STYLED_ITEM('',(#4025),#1494,#4018);
#4065=OVER_RIDING_STYLED_ITEM('',(#4025),#1518,#4018);
#4066=OVER_RIDING_STYLED_ITEM('',(#4025),#1543,#4018);
#4067=OVER_RIDING_STYLED_ITEM('',(#4025),#1560,#4018);
#4068=OVER_RIDING_STYLED_ITEM('',(#4025),#1706,#4018);
#4069=OVER_RIDING_STYLED_ITEM('',(#4025),#1718,#4018);
#4070=OVER_RIDING_STYLED_ITEM('',(#4025),#1730,#4018);
#4071=OVER_RIDING_STYLED_ITEM('',(#4025),#1770,#4018);
#4072=OVER_RIDING_STYLED_ITEM('',(#4025),#1792,#4018);
#4073=OVER_RIDING_STYLED_ITEM('',(#4025),#1809,#4018);
#4074=OVER_RIDING_STYLED_ITEM('',(#4025),#1826,#4018);
#4075=OVER_RIDING_STYLED_ITEM('',(#4025),#1838,#4018);
#4076=COLOUR_RGB('',0.98824,1.0,0.98824);
#4077=FILL_AREA_STYLE_COLOUR('',#4076);
#4078=FILL_AREA_STYLE('',(#4077));
#4079=SURFACE_STYLE_FILL_AREA(#4078);
#4080=SURFACE_SIDE_STYLE('',(#4079));
#4081=SURFACE_STYLE_USAGE(.BOTH.,#4080);
#4082=PRESENTATION_STYLE_ASSIGNMENT((#4081));
#4083=OVER_RIDING_STYLED_ITEM('',(#4082),#1869,#4018);
#4084=OVER_RIDING_STYLED_ITEM('',(#4082),#1909,#4018);
#4085=OVER_RIDING_STYLED_ITEM('',(#4082),#1933,#4018);
#4086=OVER_RIDING_STYLED_ITEM('',(#4082),#1966,#4018);
#4087=OVER_RIDING_STYLED_ITEM('',(#4082),#1988,#4018);
#4088=OVER_RIDING_STYLED_ITEM('',(#4082),#2019,#4018);
#4089=OVER_RIDING_STYLED_ITEM('',(#4082),#2059,#4018);
#4090=OVER_RIDING_STYLED_ITEM('',(#4082),#2083,#4018);
#4091=OVER_RIDING_STYLED_ITEM('',(#4082),#2116,#4018);
#4092=OVER_RIDING_STYLED_ITEM('',(#4082),#2138,#4018);
#4093=OVER_RIDING_STYLED_ITEM('',(#4082),#2169,#4018);
#4094=OVER_RIDING_STYLED_ITEM('',(#4082),#2209,#4018);
#4095=OVER_RIDING_STYLED_ITEM('',(#4082),#2233,#4018);
#4096=OVER_RIDING_STYLED_ITEM('',(#4082),#2266,#4018);
#4097=OVER_RIDING_STYLED_ITEM('',(#4082),#2288,#4018);
#4098=OVER_RIDING_STYLED_ITEM('',(#4082),#2319,#4018);
#4099=OVER_RIDING_STYLED_ITEM('',(#4082),#2359,#4018);
#4100=OVER_RIDING_STYLED_ITEM('',(#4082),#2383,#4018);
#4101=OVER_RIDING_STYLED_ITEM('',(#4082),#2416,#4018);
#4102=OVER_RIDING_STYLED_ITEM('',(#4082),#2438,#4018);
#4103=OVER_RIDING_STYLED_ITEM('',(#4025),#2562,#4018);
#4104=OVER_RIDING_STYLED_ITEM('',(#4025),#2672,#4018);
#4105=OVER_RIDING_STYLED_ITEM('',(#4025),#2705,#4018);
#4106=OVER_RIDING_STYLED_ITEM('',(#4050),#2767,#4018);
#4107=OVER_RIDING_STYLED_ITEM('',(#4050),#2798,#4018);
#4108=OVER_RIDING_STYLED_ITEM('',(#4050),#2829,#4018);
#4109=OVER_RIDING_STYLED_ITEM('',(#4050),#2847,#4018);
#4110=OVER_RIDING_STYLED_ITEM('',(#4050),#2865,#4018);
#4111=OVER_RIDING_STYLED_ITEM('',(#4050),#2884,#4018);
#4112=OVER_RIDING_STYLED_ITEM('',(#4050),#2903,#4018);
#4113=OVER_RIDING_STYLED_ITEM('',(#4025),#2915,#4018);
#4114=OVER_RIDING_STYLED_ITEM('',(#4025),#2951,#4018);
#4115=OVER_RIDING_STYLED_ITEM('',(#4082),#2963,#4018);
#4116=OVER_RIDING_STYLED_ITEM('',(#4082),#2975,#4018);
#4117=OVER_RIDING_STYLED_ITEM('',(#4082),#2987,#4018);
#4118=OVER_RIDING_STYLED_ITEM('',(#4082),#2999,#4018);
#4119=OVER_RIDING_STYLED_ITEM('',(#4082),#3011,#4018);
#4120=OVER_RIDING_STYLED_ITEM('',(#4082),#3023,#4018);
#4121=OVER_RIDING_STYLED_ITEM('',(#4082),#3035,#4018);
#4122=OVER_RIDING_STYLED_ITEM('',(#4082),#3047,#4018);
#4123=OVER_RIDING_STYLED_ITEM('',(#4025),#3075,#4018);
#4124=OVER_RIDING_STYLED_ITEM('',(#4025),#3103,#4018);
#4125=OVER_RIDING_STYLED_ITEM('',(#4025),#3117,#4018);
#4126=OVER_RIDING_STYLED_ITEM('',(#4025),#3131,#4018);
#4127=DRAUGHTING_PRE_DEFINED_COLOUR('black');
#4128=FILL_AREA_STYLE_COLOUR('',#4127);
#4129=FILL_AREA_STYLE('',(#4128));
#4130=SURFACE_STYLE_FILL_AREA(#4129);
#4131=SURFACE_SIDE_STYLE('',(#4130));
#4132=SURFACE_STYLE_USAGE(.BOTH.,#4131);
#4133=PRESENTATION_STYLE_ASSIGNMENT((#4132));
#4134=OVER_RIDING_STYLED_ITEM('',(#4133),#3162,#4018);
#4135=OVER_RIDING_STYLED_ITEM('',(#4133),#3186,#4018);
#4136=OVER_RIDING_STYLED_ITEM('',(#4133),#3210,#4018);
#4137=OVER_RIDING_STYLED_ITEM('',(#4133),#3227,#4018);
#4138=OVER_RIDING_STYLED_ITEM('',(#4133),#3239,#4018);
#4139=OVER_RIDING_STYLED_ITEM('',(#4133),#3267,#4018);
#4140=OVER_RIDING_STYLED_ITEM('',(#4133),#3279,#4018);
#4141=OVER_RIDING_STYLED_ITEM('',(#4133),#3299,#4018);
#4142=FILL_AREA_STYLE_COLOUR('',#4042);
#4143=FILL_AREA_STYLE('',(#4142));
#4144=SURFACE_STYLE_FILL_AREA(#4143);
#4145=SURFACE_STYLE_TRANSPARENT(0.07059);
#4146=SURFACE_STYLE_RENDERING_WITH_PROPERTIES(.NORMAL_SHADING.,#4042,(#4145));
#4147=SURFACE_SIDE_STYLE('',(#4144,#4146));
#4148=SURFACE_STYLE_USAGE(.BOTH.,#4147);
#4149=PRESENTATION_STYLE_ASSIGNMENT((#4148));
#4150=OVER_RIDING_STYLED_ITEM('',(#4149),#3308,#4018);
#4151=OVER_RIDING_STYLED_ITEM('',(#4025),#3336,#4018);
#4152=OVER_RIDING_STYLED_ITEM('',(#4025),#3364,#4018);
#4153=OVER_RIDING_STYLED_ITEM('',(#4025),#3378,#4018);
#4154=OVER_RIDING_STYLED_ITEM('',(#4025),#3392,#4018);
#4155=OVER_RIDING_STYLED_ITEM('',(#4050),#3416,#4018);
#4156=OVER_RIDING_STYLED_ITEM('',(#4050),#3434,#4018);
#4157=OVER_RIDING_STYLED_ITEM('',(#4050),#3592,#4018);
#4158=OVER_RIDING_STYLED_ITEM('',(#4050),#3610,#4018);
#4159=OVER_RIDING_STYLED_ITEM('',(#4050),#3628,#4018);
#4160=OVER_RIDING_STYLED_ITEM('',(#4050),#3646,#4018);
#4161=OVER_RIDING_STYLED_ITEM('',(#4050),#3804,#4018);
#4162=OVER_RIDING_STYLED_ITEM('',(#4050),#3816,#4018);
#4163=OVER_RIDING_STYLED_ITEM('',(#4025),#3840,#4018);
#4164=OVER_RIDING_STYLED_ITEM('',(#4025),#3858,#4018);
#4165=OVER_RIDING_STYLED_ITEM('',(#4025),#3876,#4018);
#4166=OVER_RIDING_STYLED_ITEM('',(#4025),#3894,#4018);
#4167=OVER_RIDING_STYLED_ITEM('',(#4025),#3912,#4018);
#4168=OVER_RIDING_STYLED_ITEM('',(#4025),#3930,#4018);
#4169=OVER_RIDING_STYLED_ITEM('',(#4025),#3948,#4018);
#4170=OVER_RIDING_STYLED_ITEM('',(#4025),#3960,#4018);
#4171=OVER_RIDING_STYLED_ITEM('',(#4025),#3972,#4018);
#4172=OVER_RIDING_STYLED_ITEM('',(#4025),#3984,#4018);
#4173=OVER_RIDING_STYLED_ITEM('',(#4025),#3996,#4018);
#4174=OVER_RIDING_STYLED_ITEM('',(#4025),#4008,#4018);
#4175=CARTESIAN_POINT('',(0.,0.,0.));
#4176=DIRECTION('',(0.,0.,1.));
#4177=DIRECTION('',(1.,0.,0.));
#4178=AXIS2_PLACEMENT_3D('Reference Axes',#4175,#4176,#4177);
#4179=ADVANCED_BREP_SHAPE_REPRESENTATION('',(#4178,#4010),#5);
#4180=SHAPE_DEFINITION_REPRESENTATION(#12,#4179);
#4181=CARTESIAN_POINT('',(41.4907938282,-0.0139466926,-11.5496596719));
#4182=DIRECTION('',(-1.0,0.0,0.0));
#4183=DIRECTION('',(0.0,-0.0,1.0));
#4184=AXIS2_PLACEMENT_3D('View Reference',#4181,#4182,#4183);
#4185=CARTESIAN_POINT('',(0.0,0.0,0.0));
#4186=CARTESIAN_POINT('',(-55.8010209844,-48.4081599223,41.4907938282));
#4187=DIRECTION('',(0.0,0.0,1.0));
#4188=DIRECTION('',(1.0,0.0,0.0));
#4189=AXIS2_PLACEMENT_3D('View placement',#4186,#4187,#4188);
#4190=PLANAR_BOX('',111.602042,96.8163198,#4189);
#4191=VIEW_VOLUME(.PARALLEL.,#4185,41.4907938,0.,.F.,0.,.F.,.F.,#4190);
#4192=CAMERA_MODEL_D3('*Rechts',#4184,#4191);
#4193=CARTESIAN_POINT('',(0.,0.,0.));
#4194=DIRECTION('',(0.,0.,1.));
#4195=DIRECTION('',(1.,0.,0.));
#4196=AXIS2_PLACEMENT_3D('',#4193,#4194,#4195);
#4197=REPRESENTATION_MAP(#4196,#4179);
#4198=MAPPED_ITEM('',#4197,#4196);
#4199=DRAUGHTING_MODEL('*Rechts',(#4192,#4198),#5);
#4200=MECHANICAL_DESIGN_GEOMETRIC_PRESENTATION_REPRESENTATION('',(
    #4018,#4026,#4027,#4028,#4029,#4030,#4031,#4032,#4033,#4034,
    #4035,#4036,#4037,#4038,#4039,#4040,#4041,#4051,#4052,#4053,
    #4054,#4055,#4056,#4057,#4058,#4059,#4060,#4061,#4062,#4063,
    #4064,#4065,#4066,#4067,#4068,#4069,#4070,#4071,#4072,#4073,
    #4074,#4075,#4083,#4084,#4085,#4086,#4087,#4088,#4089,#4090,
    #4091,#4092,#4093,#4094,#4095,#4096,#4097,#4098,#4099,#4100,
    #4101,#4102,#4103,#4104,#4105,#4106,#4107,#4108,#4109,#4110,
    #4111,#4112,#4113,#4114,#4115,#4116,#4117,#4118,#4119,#4120,
    #4121,#4122,#4123,#4124,#4125,#4126,#4134,#4135,#4136,#4137,
    #4138,#4139,#4140,#4141,#4150,#4151,#4152,#4153,#4154,#4155,
    #4156,#4157,#4158,#4159,#4160,#4161,#4162,#4163,#4164,#4165,
    #4166,#4167,#4168,#4169,#4170,#4171,#4172,#4173,#4174),#5);
ENDSEC;
END-ISO-10303-21;
